Workbook

Sheet Darajalar
A3: Blue Wolf — oʻyinchi darajalari (1–25)
A4: Eng zaifdan eng kuchligacha. Koʻk raqamlar — qoʻlda sozlanadigan modifikatorlar.
A5: Daraja | B5: Boʻri nomi | C5: Ilmiy / afsonaviy nom | D5: Toifa | E5: Vazni (kg) | F5: Toifa koeff. | G5: Kuch mod. | H5: Tezlik mod. | I5: Daraja narxi (XP) | J5: Jami XP | K5: Kuch | L5: Tezlik | M5: Chidam (HP) | N5: Jangovar quvvat | O5: Toʻda hajmi | P5: Bosqich koeff. | Q5: Ochiladigan imkoniyat
A6: 1 | B6: Honsyu boʻrisi | C6: Canis lupus hodophilax | D6: Haqiqiy | E6: 15 | F6: =IF(D6="Haqiqiy",class_real,IF(D6="Qadimgi",class_ancient,class_myth)) -> 1 | G6: 0.9 | H6: 1.1 | I6: 0 | J6: 0 | K6: =ROUND(stat_power_base*stat_power_growth^(A6-1)*F6*G6,0) -> 11 | L6: =ROUND(stat_speed_base*stat_speed_growth^(A6-1)*F6*H6,0) -> 11 | M6: =ROUND(stat_hp_base*stat_hp_growth^(A6-1)*F6,0) -> 60 | N6: =ROUND(K6*cp_w_power+L6*cp_w_speed+M6*cp_w_hp,0) -> 69 | O6: =IF(A6<pack_unlock_level,pack_solo_size,ROUND(pack_base*pack_growth^(A6-pack_unlock_level),0)) -> 1 | P6: =IF(A6<=4,stage_early,IF(A6<=stage_mid_level,stage_mid,IF(A6<=stage_late_level,stage_normal,stage_late))) -> 0.4 | Q6: Yolgʻiz ov (alfa): kemiruvchi va qush; In
A7: 2 | B7: Efiopiya boʻrisi | C7: Canis simensis | D7: Haqiqiy | E7: 16 | F7: =IF(D7="Haqiqiy",class_real,IF(D7="Qadimgi",class_ancient,class_myth)) -> 1 | G7: 0.92 | H7: 1.12 | I7: =ROUND(xp_base*xp_growth^(A7-2)*P7,-1) -> 30 | J7: =J6+I7 -> 30 | K7: =ROUND(stat_power_base*stat_power_growth^(A7-1)*F7*G7,0) -> 13 | L7: =ROUND(stat_speed_base*stat_speed_growth^(A7-1)*F7*H7,0) -> 13 | M7: =ROUND(stat_hp_base*stat_hp_growth^(A7-1)*F7,0) -> 71 | N7: =ROUND(K7*cp_w_power+L7*cp_w_speed+M7*cp_w_hp,0) -> 81 | O7: =IF(A7<pack_unlock_level,pack_solo_size,ROUND(pack_base*pack_growth^(A7-pack_unlock_level),0)) -> 1 | P7: =IF(A7<=4,stage_early,IF(A7<=stage_mid_level,stage_mid,IF(A7<=stage_late_level,stage_normal,stage_late))) -> 0.4 | Q7: Oziq gʻori va Ustaxona qoyasi
A8: 3 | B8: Arab boʻrisi | C8: Canis lupus arabs | D8: Haqiqiy | E8: 20 | F8: =IF(D8="Haqiqiy",class_real,IF(D8="Qadimgi",class_ancient,class_myth)) -> 1 | G8: 0.95 | H8: 1.15 | I8: =ROUND(xp_base*xp_growth^(A8-2)*P8,-1) -> 40 | J8: =J7+I8 -> 70 | K8: =ROUND(stat_power_base*stat_power_growth^(A8-1)*F8*G8,0) -> 16 | L8: =ROUND(stat_speed_base*stat_speed_growth^(A8-1)*F8*H8,0) -> 15 | M8: =ROUND(stat_hp_base*stat_hp_growth^(A8-1)*F8,0) -> 84 | N8: =ROUND(K8*cp_w_power+L8*cp_w_speed+M8*cp_w_hp,0) -> 97 | O8: =IF(A8<pack_unlock_level,pack_solo_size,ROUND(pack_base*pack_growth^(A8-pack_unlock_level),0)) -> 1 | P8: =IF(A8<=4,stage_early,IF(A8<=stage_mid_level,stage_mid,IF(A8<=stage_late_level,stage_normal,stage_late))) -> 0.4 | Q8: Ov soʻqmogʻi, birinchi ovchi, quyon ovi
A9: 4 | B9: Hind boʻrisi | C9: Canis lupus pallipes | D9: Haqiqiy | E9: 25 | F9: =IF(D9="Haqiqiy",class_real,IF(D9="Qadimgi",class_ancient,class_myth)) -> 1 | G9: 0.98 | H9: 1.14 | I9: =ROUND(xp_base*xp_growth^(A9-2)*P9,-1) -> 60 | J9: =J8+I9 -> 130 | K9: =ROUND(stat_power_base*stat_power_growth^(A9-1)*F9*G9,0) -> 20 | L9: =ROUND(stat_speed_base*stat_speed_growth^(A9-1)*F9*H9,0) -> 16 | M9: =ROUND(stat_hp_base*stat_hp_growth^(A9-1)*F9,0) -> 99 | N9: =ROUND(K9*cp_w_power+L9*cp_w_speed+M9*cp_w_hp,0) -> 114 | O9: =IF(A9<pack_unlock_level,pack_solo_size,ROUND(pack_base*pack_growth^(A9-pack_unlock_level),0)) -> 10 | P9: =IF(A9<=4,stage_early,IF(A9<=stage_mid_level,stage_mid,IF(A9<=stage_late_level,stage_normal,stage_late))) -> 0.4 | Q9: 🔓 TOʻDA: qoʻshin 10 askar · Jang maydoni, Razvedka qoyasi, Himoya devori · yovvoyi toʻdalarga (bot) hujum · ov guruhi · klan va lager (v2)
A10: 5 | B10: Qizil boʻri | C10: Canis rufus | D10: Haqiqiy | E10: 30 | F10: =IF(D10="Haqiqiy",class_real,IF(D10="Qadimgi",class_ancient,class_myth)) -> 1 | G10: 1 | H10: 1.08 | I10: =ROUND(xp_base*xp_growth^(A10-2)*P10,-1) -> 150 | J10: =J9+I10 -> 280 | K10: =ROUND(stat_power_base*stat_power_growth^(A10-1)*F10*G10,0) -> 25 | L10: =ROUND(stat_speed_base*stat_speed_growth^(A10-1)*F10*H10,0) -> 18 | M10: =ROUND(stat_hp_base*stat_hp_growth^(A10-1)*F10,0) -> 116 | N10: =ROUND(K10*cp_w_power+L10*cp_w_speed+M10*cp_w_hp,0) -> 135 | O10: =IF(A10<pack_unlock_level,pack_solo_size,ROUND(pack_base*pack_growth^(A10-pack_unlock_level),0)) -> 12 | P10: =IF(A10<=4,stage_early,IF(A10<=stage_mid_level,stage_mid,IF(A10<=stage_late_level,stage_normal,stage_late))) -> 0.7 | Q10: Yirik oʻlja — jayron (kamida 2 boʻri)
A11: 6 | B11: Italyan boʻrisi | C11: Canis lupus italicus | D11: Haqiqiy | E11: 32 | F11: =IF(D11="Haqiqiy",class_real,IF(D11="Qadimgi",class_ancient,class_myth)) -> 1 | G11: 1.02 | H11: 1.06 | I11: =ROUND(xp_base*xp_growth^(A11-2)*P11,-1) -> 200 | J11: =J10+I11 -> 480 | K11: =ROUND(stat_power_base*stat_power_growth^(A11-1)*F11*G11,0) -> 30 | L11: =ROUND(stat_speed_base*stat_speed_growth^(A11-1)*F11*H11,0) -> 20 | M11: =ROUND(stat_hp_base*stat_hp_growth^(A11-1)*F11,0) -> 137 | N11: =ROUND(K11*cp_w_power+L11*cp_w_speed+M11*cp_w_hp,0) -> 159 | O11: =IF(A11<pack_unlock_level,pack_solo_size,ROUND(pack_base*pack_growth^(A11-pack_unlock_level),0)) -> 14 | P11: =IF(A11<=4,stage_early,IF(A11<=stage_mid_level,stage_mid,IF(A11<=stage_late_level,stage_normal,stage_late))) -> 0.7 | Q11: 🏥 Shifo gʻori · suv oazisi (v2)
A12: 7 | B12: Meksika boʻrisi | C12: Canis lupus baileyi | D12: Haqiqiy | E12: 33 | F12: =IF(D12="Haqiqiy",class_real,IF(D12="Qadimgi",class_ancient,class_myth)) -> 1 | G12: 1.03 | H12: 1.07 | I12: =ROUND(xp_base*xp_growth^(A12-2)*P12,-1) -> 280 | J12: =J11+I12 -> 760 | K12: =ROUND(stat_power_base*stat_power_growth^(A12-1)*F12*G12,0) -> 37 | L12: =ROUND(stat_speed_base*stat_speed_growth^(A12-1)*F12*H12,0) -> 22 | M12: =ROUND(stat_hp_base*stat_hp_growth^(A12-1)*F12,0) -> 162 | N12: =ROUND(K12*cp_w_power+L12*cp_w_speed+M12*cp_w_hp,0) -> 188 | O12: =IF(A12<pack_unlock_level,pack_solo_size,ROUND(pack_base*pack_growth^(A12-pack_unlock_level),0)) -> 17 | P12: =IF(A12<=4,stage_early,IF(A12<=stage_mid_level,stage_mid,IF(A12<=stage_late_level,stage_normal,stage_late))) -> 0.7 | Q12: 🔓 Haqiqiy oʻyinchilarga hujum (qalqon tugaydi) · reyting va liga (v2)
A13: 8 | B13: Sharqiy boʻri | C13: Canis lycaon | D13: Haqiqiy | E13: 35 | F13: =IF(D13="Haqiqiy",class_real,IF(D13="Qadimgi",class_ancient,class_myth)) -> 1 | G13: 1.04 | H13: 1.05 | I13: =ROUND(xp_base*xp_growth^(A13-2)*P13,-1) -> 390 | J13: =J12+I13 -> 1150 | K13: =ROUND(stat_power_base*stat_power_growth^(A13-1)*F13*G13,0) -> 45 | L13: =ROUND(stat_speed_base*stat_speed_growth^(A13-1)*F13*H13,0) -> 25 | M13: =ROUND(stat_hp_base*stat_hp_growth^(A13-1)*F13,0) -> 191 | N13: =ROUND(K13*cp_w_power+L13*cp_w_speed+M13*cp_w_hp,0) -> 223 | O13: =IF(A13<pack_unlock_level,pack_solo_size,ROUND(pack_base*pack_growth^(A13-pack_unlock_level),0)) -> 21 | P13: =IF(A13<=4,stage_early,IF(A13<=stage_mid_level,stage_mid,IF(A13<=stage_late_level,stage_normal,stage_late))) -> 0.7 | Q13: Toʻda urushi (v2) · oʻt oazisi (v2)
A14: 9 | B14: Iberiya boʻrisi | C14: Canis lupus signatus | D14: Haqiqiy | E14: 38 | F14: =IF(D14="Haqiqiy",class_real,IF(D14="Qadimgi",class_ancient,class_myth)) -> 1 | G14: 1.06 | H14: 1.03 | I14: =ROUND(xp_base*xp_growth^(A14-2)*P14,-1) -> 530 | J14: =J13+I14 -> 1680 | K14: =ROUND(stat_power_base*stat_power_growth^(A14-1)*F14*G14,0) -> 55 | L14: =ROUND(stat_speed_base*stat_speed_growth^(A14-1)*F14*H14,0) -> 27 | M14: =ROUND(stat_hp_base*stat_hp_growth^(A14-1)*F14,0) -> 226 | N14: =ROUND(K14*cp_w_power+L14*cp_w_speed+M14*cp_w_hp,0) -> 264 | O14: =IF(A14<pack_unlock_level,pack_solo_size,ROUND(pack_base*pack_growth^(A14-pack_unlock_level),0)) -> 25 | P14: =IF(A14<=4,stage_early,IF(A14<=stage_mid_level,stage_mid,IF(A14<=stage_late_level,stage_normal,stage_late))) -> 0.7 | Q14: 🛒 Bozor · toʻda lavozimlari (v2)
A15: 10 | B15: Dasht boʻrisi | C15: Canis lupus campestris | D15: Haqiqiy | E15: 40 | F15: =IF(D15="Haqiqiy",class_real,IF(D15="Qadimgi",class_ancient,class_myth)) -> 1 | G15: 1.07 | H15: 1.1 | I15: =ROUND(xp_base*xp_growth^(A15-2)*P15,-1) -> 740 | J15: =J14+I15 -> 2420 | K15: =ROUND(stat_power_base*stat_power_growth^(A15-1)*F15*G15,0) -> 66 | L15: =ROUND(stat_speed_base*stat_speed_growth^(A15-1)*F15*H15,0) -> 33 | M15: =ROUND(stat_hp_base*stat_hp_growth^(A15-1)*F15,0) -> 266 | N15: =ROUND(K15*cp_w_power+L15*cp_w_speed+M15*cp_w_hp,0) -> 315 | O15: =IF(A15<pack_unlock_level,pack_solo_size,ROUND(pack_base*pack_growth^(A15-pack_unlock_level),0)) -> 30 | P15: =IF(A15<=4,stage_early,IF(A15<=stage_mid_level,stage_mid,IF(A15<=stage_late_level,stage_normal,stage_late))) -> 0.7 | Q15: Ikkinchi qurilish navbati — hammaga bepul
A16: 11 | B16: Himolay boʻrisi | C16: Canis lupus chanco | D16: Haqiqiy | E16: 42 | F16: =IF(D16="Haqiqiy",class_real,IF(D16="Qadimgi",class_ancient,class_myth)) -> 1 | G16: 1.09 | H16: 1.02 | I16: =ROUND(xp_base*xp_growth^(A16-2)*P16,-1) -> 1450 | J16: =J15+I16 -> 3870 | K16: =ROUND(stat_power_base*stat_power_growth^(A16-1)*F16*G16,0) -> 81 | L16: =ROUND(stat_speed_base*stat_speed_growth^(A16-1)*F16*H16,0) -> 35 | M16: =ROUND(stat_hp_base*stat_hp_growth^(A16-1)*F16,0) -> 314 | N16: =ROUND(K16*cp_w_power+L16*cp_w_speed+M16*cp_w_hp,0) -> 372 | O16: =IF(A16<pack_unlock_level,pack_solo_size,ROUND(pack_base*pack_growth^(A16-pack_unlock_level),0)) -> 36 | P16: =IF(A16<=4,stage_early,IF(A16<=stage_mid_level,stage_mid,IF(A16<=stage_late_level,stage_normal,stage_late))) -> 1 | Q16: Co-op boss: togʻ ayigʻi (v3)
A17: 12 | B17: Ezo boʻrisi | C17: Canis lupus hattai | D17: Haqiqiy | E17: 44 | F17: =IF(D17="Haqiqiy",class_real,IF(D17="Qadimgi",class_ancient,class_myth)) -> 1 | G17: 1.1 | H17: 1.01 | I17: =ROUND(xp_base*xp_growth^(A17-2)*P17,-1) -> 2000 | J17: =J16+I17 -> 5870 | K17: =ROUND(stat_power_base*stat_power_growth^(A17-1)*F17*G17,0) -> 98 | L17: =ROUND(stat_speed_base*stat_speed_growth^(A17-1)*F17*H17,0) -> 39 | M17: =ROUND(stat_hp_base*stat_hp_growth^(A17-1)*F17,0) -> 371 | N17: =ROUND(K17*cp_w_power+L17*cp_w_speed+M17*cp_w_hp,0) -> 440 | O17: =IF(A17<pack_unlock_level,pack_solo_size,ROUND(pack_base*pack_growth^(A17-pack_unlock_level),0)) -> 43 | P17: =IF(A17<=4,stage_early,IF(A17<=stage_mid_level,stage_mid,IF(A17<=stage_late_level,stage_normal,stage_late))) -> 1 | Q17: Toʻda xazinasi (v2) · tosh koni (v2)
A18: 13 | B18: Tibet boʻrisi | C18: Canis lupus filchneri | D18: Haqiqiy | E18: 45 | F18: =IF(D18="Haqiqiy",class_real,IF(D18="Qadimgi",class_ancient,class_myth)) -> 1 | G18: 1.11 | H18: 1 | I18: =ROUND(xp_base*xp_growth^(A18-2)*P18,-1) -> 2770 | J18: =J17+I18 -> 8640 | K18: =ROUND(stat_power_base*stat_power_growth^(A18-1)*F18*G18,0) -> 119 | L18: =ROUND(stat_speed_base*stat_speed_growth^(A18-1)*F18*H18,0) -> 43 | M18: =ROUND(stat_hp_base*stat_hp_growth^(A18-1)*F18,0) -> 437 | N18: =ROUND(K18*cp_w_power+L18*cp_w_speed+M18*cp_w_hp,0) -> 521 | O18: =IF(A18<pack_unlock_level,pack_solo_size,ROUND(pack_base*pack_growth^(A18-pack_unlock_level),0)) -> 52 | P18: =IF(A18<=4,stage_early,IF(A18<=stage_mid_level,stage_mid,IF(A18<=stage_late_level,stage_normal,stage_late))) -> 1 | Q18: Himoya urushi (v3)
... A26: 21 | B26: Dahshatli boʻri | C26: Aenocyon dirus | D26: Qadimgi | E26: 70 | F26: =IF(D26="Haqiqiy",class_real,IF(D26="Qadimgi",class_ancient,class_myth)) -> 1.35 | G26: 1.4 | H26: 0.9 | I26: =ROUND(xp_base*xp_growth^(A26-2)*P26,-1) -> 45470 | J26: =J25+I26 -> 158950 | K26: =ROUND(stat_power_base*stat_power_growth^(A26-1)*F26*G26,0) -> 869 | L26: =ROUND(stat_speed_base*stat_speed_growth^(A26-1)*F26*H26,0) -> 140 | M26: =ROUND(stat_hp_base*stat_hp_growth^(A26-1)*F26,0) -> 2219 | N26: =ROUND(K26*cp_w_power+L26*cp_w_speed+M26*cp_w_hp,0) -> 3058 | O26: =IF(A26<pack_unlock_level,pack_solo_size,ROUND(pack_base*pack_growth^(A26-pack_unlock_level),0)) -> 222 | P26: =IF(A26<=4,stage_early,IF(A26<=stage_mid_level,stage_mid,IF(A26<=stage_late_level,stage_normal,stage_late))) -> 1.25 | Q26: Afsona bossi (v3)
A27: 22 | B27: Amarok | C27: Inuit afsonasi | D27: Mifologik | F27: =IF(D27="Haqiqiy",class_real,IF(D27="Qadimgi",class_ancient,class_myth)) -> 1.8 | G27: 1.5 | H27: 1 | I27: =ROUND(xp_base*xp_growth^(A27-2)*P27,-1) -> 62750 | J27: =J26+I27 -> 221700 | K27: =ROUND(stat_power_base*stat_power_growth^(A27-1)*F27*G27,0) -> 1491 | L27: =ROUND(stat_speed_base*stat_speed_growth^(A27-1)*F27*H27,0) -> 234 | M27: =ROUND(stat_hp_base*stat_hp_growth^(A27-1)*F27,0) -> 3491 | N27: =ROUND(K27*cp_w_power+L27*cp_w_speed+M27*cp_w_hp,0) -> 5079 | O27: =IF(A27<pack_unlock_level,pack_solo_size,ROUND(pack_base*pack_growth^(A27-pack_unlock_level),0)) -> 266 | P27: =IF(A27<=4,stage_early,IF(A27<=stage_mid_level,stage_mid,IF(A27<=stage_late_level,stage_normal,stage_late))) -> 1.25 | Q27: Tungi reyd: 22:00–06:00 yurish tezligi +25%
A28: 23 | B28: Geri va Freki | C28: Skandinaviya afsonasi | D28: Mifologik | F28: =IF(D28="Haqiqiy",class_real,IF(D28="Qadimgi",class_ancient,class_myth)) -> 1.8 | G28: 1.6 | H28: 1.1 | I28: =ROUND(xp_base*xp_growth^(A28-2)*P28,-1) -> 86590 | J28: =J27+I28 -> 308290 | K28: =ROUND(stat_power_base*stat_power_growth^(A28-1)*F28*G28,0) -> 1908 | L28: =ROUND(stat_speed_base*stat_speed_growth^(A28-1)*F28*H28,0) -> 291 | M28: =ROUND(stat_hp_base*stat_hp_growth^(A28-1)*F28,0) -> 4119 | N28: =ROUND(K28*cp_w_power+L28*cp_w_speed+M28*cp_w_hp,0) -> 6312 | O28: =IF(A28<pack_unlock_level,pack_solo_size,ROUND(pack_base*pack_growth^(A28-pack_unlock_level),0)) -> 319 | P28: =IF(A28<=4,stage_early,IF(A28<=stage_mid_level,stage_mid,IF(A28<=stage_late_level,stage_normal,stage_late))) -> 1.25 | Q28: Juft hujum (v3)
A29: 24 | B29: Fenrir | C29: Skandinaviya afsonasi | D29: Mifologik | F29: =IF(D29="Haqiqiy",class_real,IF(D29="Qadimgi",class_ancient,class_myth)) -> 1.8 | G29: 1.8 | H29: 0.95 | I29: =ROUND(xp_base*xp_growth^(A29-2)*P29,-1) -> 119490 | J29: =J28+I29 -> 427780 | K29: =ROUND(stat_power_base*stat_power_growth^(A29-1)*F29*G29,0) -> 2576 | L29: =ROUND(stat_speed_base*stat_speed_growth^(A29-1)*F29*H29,0) -> 284 | M29: =ROUND(stat_hp_base*stat_hp_growth^(A29-1)*F29,0) -> 4861 | N29: =ROUND(K29*cp_w_power+L29*cp_w_speed+M29*cp_w_hp,0) -> 8009 | O29: =IF(A29<pack_unlock_level,pack_solo_size,ROUND(pack_base*pack_growth^(A29-pack_unlock_level),0)) -> 383 | P29: =IF(A29<=4,stage_early,IF(A29<=stage_mid_level,stage_mid,IF(A29<=stage_late_level,stage_normal,stage_late))) -> 1.25 | Q29: Zanjirni uzish: urushdan keyin jarohatlanganlar 2× tez davolanadi
A30: 25 | B30: Koʻk Boʻri | C30: Koʻkboʻri / Boʻrte Chino | D30: Mifologik | F30: =IF(D30="Haqiqiy",class_real,IF(D30="Qadimgi",class_ancient,class_myth)) -> 1.8 | G30: 2 | H30: 1.05 | I30: =ROUND(xp_base*xp_growth^(A30-2)*P30,-1) -> 164900 | J30: =J29+I30 -> 592680 | K30: =ROUND(stat_power_base*stat_power_growth^(A30-1)*F30*G30,0) -> 3434 | L30: =ROUND(stat_speed_base*stat_speed_growth^(A30-1)*F30*H30,0) -> 355 | M30: =ROUND(stat_hp_base*stat_hp_growth^(A30-1)*F30,0) -> 5736 | N30: =ROUND(K30*cp_w_power+L30*cp_w_speed+M30*cp_w_hp,0) -> 10269 | O30: =IF(A30<pack_unlock_level,pack_solo_size,ROUND(pack_base*pack_growth^(A30-pack_unlock_level),0)) -> 460 | P30: =IF(A30<=4,stage_early,IF(A30<=stage_mid_level,stage_mid,IF(A30<=stage_late_level,stage_normal,stage_late))) -> 1.25 | Q30: Koʻk Boʻri unvoni · klanga +10% ishlab chiqarish (kuch emas)
B31: JAMI (1→25 darajagacha kerakli XP) | J31: =J30 -> 592680
A32: Formulalar: Daraja narxi = ROUND(Bazaviy XP × XP oʻsishi^(daraja−2) × bosqich koeff., −1) · Kuch = Bazaviy kuch × Kuch oʻsishi^(daraja−1) × Toifa koeff. × Kuch mod. Barcha koeffitsientlar Sozlamalar varagʻidan (nomlangan kataklar).
A33: Jangovar quvvat (CP) = Kuch×2 + Tezlik×1.5 + Chidam×0.5 — matchmaking va reyting uchun shu raqamdan foydalaning.
A34: Kuch mod. va Tezlik mod. — har bir boʻrining xarakteri (choʻl boʻrilari tezroq, yirik boʻrilar kuchliroq). Faqat shu ikki ustun qoʻlda kiritiladi.
A35: Vazn ustuni — haqiqiy zoologik oʻrtacha vazn; balansga taʼsir qilmaydi, faqat oʻyin ichidagi tavsif uchun.
A36: Barcha bazaviy raqamlar foydalanuvchi tasdigʻi bilan taklif qilingan boshlangʻich qiymatlar — test natijasiga qarab Sozlamalar varagʻidan oʻzgartiriladi.

Sheet Oziqlanish
A3: Oziqlanish — har daraja uchun kunlik ehtiyoj
A4: Toʻda hajmi Darajalar varagʻidan olinadi. Koʻk ustun — oʻlja vazni, qoʻlda sozlanadi.
A5: Daraja | B5: Boʻri nomi | C5: 1 boʻri (kg/kun) | D5: Toʻda hajmi | E5: Toʻda goʻshti (kg/kun) | F5: Suv (birlik/kun) | G5: Oy nuri (kun) | H5: Asosiy oʻlja | I5: Oʻlja vazni (kg) | J5: Ov soni (kun) | K5: 3 kunlik zaxira (kg) | L5: Kerakli Oziq gʻori darajasi
A6: 1 | B6: =Darajalar!B6 -> Honsyu boʻrisi | C6: =need_base+need_growth*(A6-1) -> 0.6 | D6: =Darajalar!O6 -> 1 | E6: =ROUND(C6*D6,0) -> 1 | F6: =ROUND((water_need_base+water_need_growth*(A6-1))*D6,0) -> 0 | G6: =IF(A6>=moonlight_need_level,moonlight_need*D6,0) -> 0 | H6: Kemiruvchi | I6: 0.5 | J6: =ROUNDUP(E6/I6,0) -> 2 | K6: =reserve_days*E6 -> 3 | L6: =MAX(1,ROUNDUP(LN(K6/store_base)/LN(store_growth),0)+1) -> 1
A7: 2 | B7: =Darajalar!B7 -> Efiopiya boʻrisi | C7: =need_base+need_growth*(A7-1) -> 0.7 | D7: =Darajalar!O7 -> 1 | E7: =ROUND(C7*D7,0) -> 1 | F7: =ROUND((water_need_base+water_need_growth*(A7-1))*D7,0) -> 0 | G7: =IF(A7>=moonlight_need_level,moonlight_need*D7,0) -> 0 | H7: Qush | I7: 1 | J7: =ROUNDUP(E7/I7,0) -> 1 | K7: =reserve_days*E7 -> 3 | L7: =MAX(1,ROUNDUP(LN(K7/store_base)/LN(store_growth),0)+1) -> 1
A8: 3 | B8: =Darajalar!B8 -> Arab boʻrisi | C8: =need_base+need_growth*(A8-1) -> 0.8 | D8: =Darajalar!O8 -> 1 | E8: =ROUND(C8*D8,0) -> 1 | F8: =ROUND((water_need_base+water_need_growth*(A8-1))*D8,0) -> 0 | G8: =IF(A8>=moonlight_need_level,moonlight_need*D8,0) -> 0 | H8: Quyon | I8: 2 | J8: =ROUNDUP(E8/I8,0) -> 1 | K8: =reserve_days*E8 -> 3 | L8: =MAX(1,ROUNDUP(LN(K8/store_base)/LN(store_growth),0)+1) -> 1
A9: 4 | B9: =Darajalar!B9 -> Hind boʻrisi | C9: =need_base+need_growth*(A9-1) -> 0.9 | D9: =Darajalar!O9 -> 10 | E9: =ROUND(C9*D9,0) -> 9 | F9: =ROUND((water_need_base+water_need_growth*(A9-1))*D9,0) -> 5 | G9: =IF(A9>=moonlight_need_level,moonlight_need*D9,0) -> 0 | H9: Sugʻur (toʻda ovi) | I9: 8 | J9: =ROUNDUP(E9/I9,0) -> 2 | K9: =reserve_days*E9 -> 27 | L9: =MAX(1,ROUNDUP(LN(K9/store_base)/LN(store_growth),0)+1) -> 1
A10: 5 | B10: =Darajalar!B10 -> Qizil boʻri | C10: =need_base+need_growth*(A10-1) -> 1 | D10: =Darajalar!O10 -> 12 | E10: =ROUND(C10*D10,0) -> 12 | F10: =ROUND((water_need_base+water_need_growth*(A10-1))*D10,0) -> 7 | G10: =IF(A10>=moonlight_need_level,moonlight_need*D10,0) -> 0 | H10: Jayron | I10: 25 | J10: =ROUNDUP(E10/I10,0) -> 1 | K10: =reserve_days*E10 -> 36 | L10: =MAX(1,ROUNDUP(LN(K10/store_base)/LN(store_growth),0)+1) -> 1
A11: 6 | B11: =Darajalar!B11 -> Italyan boʻrisi | C11: =need_base+need_growth*(A11-1) -> 1.1 | D11: =Darajalar!O11 -> 14 | E11: =ROUND(C11*D11,0) -> 15 | F11: =ROUND((water_need_base+water_need_growth*(A11-1))*D11,0) -> 8 | G11: =IF(A11>=moonlight_need_level,moonlight_need*D11,0) -> 0 | H11: Jayron | I11: 25 | J11: =ROUNDUP(E11/I11,0) -> 1 | K11: =reserve_days*E11 -> 45 | L11: =MAX(1,ROUNDUP(LN(K11/store_base)/LN(store_growth),0)+1) -> 2
A12: 7 | B12: =Darajalar!B12 -> Meksika boʻrisi | C12: =need_base+need_growth*(A12-1) -> 1.2 | D12: =Darajalar!O12 -> 17 | E12: =ROUND(C12*D12,0) -> 20 | F12: =ROUND((water_need_base+water_need_growth*(A12-1))*D12,0) -> 11 | G12: =IF(A12>=moonlight_need_level,moonlight_need*D12,0) -> 0 | H12: Yovvoyi choʻchqa | I12: 50 | J12: =ROUNDUP(E12/I12,0) -> 1 | K12: =reserve_days*E12 -> 60 | L12: =MAX(1,ROUNDUP(LN(K12/store_base)/LN(store_growth),0)+1) -> 4
A13: 8 | B13: =Darajalar!B13 -> Sharqiy boʻri | C13: =need_base+need_growth*(A13-1) -> 1.3 | D13: =Darajalar!O13 -> 21 | E13: =ROUND(C13*D13,0) -> 27 | F13: =ROUND((water_need_base+water_need_growth*(A13-1))*D13,0) -> 14 | G13: =IF(A13>=moonlight_need_level,moonlight_need*D13,0) -> 0 | H13: Yovvoyi choʻchqa | I13: 50 | J13: =ROUNDUP(E13/I13,0) -> 1 | K13: =reserve_days*E13 -> 81 | L13: =MAX(1,ROUNDUP(LN(K13/store_base)/LN(store_growth),0)+1) -> 5
A14: 9 | B14: =Darajalar!B14 -> Iberiya boʻrisi | C14: =need_base+need_growth*(A14-1) -> 1.4 | D14: =Darajalar!O14 -> 25 | E14: =ROUND(C14*D14,0) -> 35 | F14: =ROUND((water_need_base+water_need_growth*(A14-1))*D14,0) -> 18 | G14: =IF(A14>=moonlight_need_level,moonlight_need*D14,0) -> 0 | H14: Kiyik | I14: 60 | J14: =ROUNDUP(E14/I14,0) -> 1 | K14: =reserve_days*E14 -> 105 | L14: =MAX(1,ROUNDUP(LN(K14/store_base)/LN(store_growth),0)+1) -> 6
A15: 10 | B15: =Darajalar!B15 -> Dasht boʻrisi | C15: =need_base+need_growth*(A15-1) -> 1.5 | D15: =Darajalar!O15 -> 30 | E15: =ROUND(C15*D15,0) -> 45 | F15: =ROUND((water_need_base+water_need_growth*(A15-1))*D15,0) -> 23 | G15: =IF(A15>=moonlight_need_level,moonlight_need*D15,0) -> 0 | H15: Kiyik | I15: 60 | J15: =ROUNDUP(E15/I15,0) -> 1 | K15: =reserve_days*E15 -> 135 | L15: =MAX(1,ROUNDUP(LN(K15/store_base)/LN(store_growth),0)+1) -> 8
A16: 11 | B16: =Darajalar!B16 -> Himolay boʻrisi | C16: =need_base+need_growth*(A16-1) -> 1.6 | D16: =Darajalar!O16 -> 36 | E16: =ROUND(C16*D16,0) -> 58 | F16: =ROUND((water_need_base+water_need_growth*(A16-1))*D16,0) -> 29 | G16: =IF(A16>=moonlight_need_level,moonlight_need*D16,0) -> 0 | H16: Bugʻu | I16: 100 | J16: =ROUNDUP(E16/I16,0) -> 1 | K16: =reserve_days*E16 -> 174 | L16: =MAX(1,ROUNDUP(LN(K16/store_base)/LN(store_growth),0)+1) -> 9
A17: 12 | B17: =Darajalar!B17 -> Ezo boʻrisi | C17: =need_base+need_growth*(A17-1) -> 1.7 | D17: =Darajalar!O17 -> 43 | E17: =ROUND(C17*D17,0) -> 73 | F17: =ROUND((water_need_base+water_need_growth*(A17-1))*D17,0) -> 36 | G17: =IF(A17>=moonlight_need_level,moonlight_need*D17,0) -> 0 | H17: Bugʻu | I17: 100 | J17: =ROUNDUP(E17/I17,0) -> 1 | K17: =reserve_days*E17 -> 219 | L17: =MAX(1,ROUNDUP(LN(K17/store_base)/LN(store_growth),0)+1) -> 10
... A30: 25 | B30: =Darajalar!B30 -> Koʻk Boʻri | C30: =need_base+need_growth*(A30-1) -> 3 | D30: =Darajalar!O30 -> 460 | E30: =ROUND(C30*D30,0) -> 1380 | F30: =ROUND((water_need_base+water_need_growth*(A30-1))*D30,0) -> 626 | G30: =IF(A30>=moonlight_need_level,moonlight_need*D30,0) -> 92 | H30: Ruh oʻljasi | I30: 400 | J30: =ROUNDUP(E30/I30,0) -> 4 | K30: =reserve_days*E30 -> 4140 | L30: =MAX(1,ROUNDUP(LN(K30/store_base)/LN(store_growth),0)+1) -> 25
A31: Formulalar: 1 boʻri ehtiyoji = Bazaviy + Oʻsish×(daraja-1) · Toʻda goʻshti = shu × toʻda hajmi · Ov soni = toʻda goʻshti ÷ oʻlja vazni (yuqoriga yaxlitlanadi)
A32: Kerakli gʻor darajasi = 3 kunlik zaxirani sigʻdiradigan eng kichik daraja. Bu oʻyinchini boʻri darajasi bilan birga omborni ham kuchaytirishga majbur qiladi.
A33: Oy nuri faqat 20-darajadan boshlab talab qilinadi — mifologik bosqichning sunʼiy cheklovi.

Sheet Binolar
A3: Binolar — kuchaytirish narxi va samarasi (1–25 daraja)
A4: Har bino oʻyinchi darajasigacha koʻtariladi: bino darajasi = maksimum oʻyinchi darajasi.
A5: 1. OZIQ GʻORI — goʻsht, suv, shifobaxsh oʻt va oy nuri saqlaydi (har biri alohida sigʻim)
A6: Daraja | B6: Sigʻim | C6: Passiv suv (soat) | D6: Oflayn sigʻim (2×) | E6: Himoya | F6: Narx: tosh | G6: Narx: shox-shabba | H6: Qurilish vaqti (soat)
A7: 1 | B7: =ROUND(store_base*store_growth^(A7-1),0) -> 40 | C7: =ROUND(water_passive_base*water_passive_growth^(A7-1),1) -> 0.3 | D7: =B7*offline_store_mult -> 80 | E7: =cave_protect_base+cave_protect_growth*(A7-1) -> 0.3 | F7: =IF(A7=1,0,ROUND(cost_food_cave_stone*1*cost_growth^(A7-2)*IF(A7<=4,stage_early,IF(A7<=stage_mid_level,stage_mid,IF(A7<=stage_late_level,stage_normal,stage_late))),0)) -> 0 | G7: =IF(A7=1,0,ROUND(cost_food_cave_wood*1*cost_growth^(A7-2)*IF(A7<=4,stage_early,IF(A7<=stage_mid_level,stage_mid,IF(A7<=stage_late_level,stage_normal,stage_late))),0)) -> 0 | H7: =IF(A7=1,0,ROUND(build_time_base_min*time_coef_food_cave*time_growth^(A7-2)*IF(A7<=4,stage_early,IF(A7<=stage_mid_level,stage_mid,IF(A7<=stage_late_level,stage_normal,stage_late)))/60,1)) -> 0
A8: 2 | B8: =ROUND(store_base*store_growth^(A8-1),0) -> 49 | C8: =ROUND(water_passive_base*water_passive_growth^(A8-1),1) -> 0.3 | D8: =B8*offline_store_mult -> 98 | E8: =cave_protect_base+cave_protect_growth*(A8-1) -> 0.32 | F8: =IF(A8=1,0,ROUND(cost_food_cave_stone*1*cost_growth^(A8-2)*IF(A8<=4,stage_early,IF(A8<=stage_mid_level,stage_mid,IF(A8<=stage_late_level,stage_normal,stage_late))),0)) -> 40 | G8: =IF(A8=1,0,ROUND(cost_food_cave_wood*1*cost_growth^(A8-2)*IF(A8<=4,stage_early,IF(A8<=stage_mid_level,stage_mid,IF(A8<=stage_late_level,stage_normal,stage_late))),0)) -> 24 | H8: =IF(A8=1,0,ROUND(build_time_base_min*time_coef_food_cave*time_growth^(A8-2)*IF(A8<=4,stage_early,IF(A8<=stage_mid_level,stage_mid,IF(A8<=stage_late_level,stage_normal,stage_late)))/60,1)) -> 0.1
A9: 3 | B9: =ROUND(store_base*store_growth^(A9-1),0) -> 60 | C9: =ROUND(water_passive_base*water_passive_growth^(A9-1),1) -> 0.4 | D9: =B9*offline_store_mult -> 120 | E9: =cave_protect_base+cave_protect_growth*(A9-1) -> 0.34 | F9: =IF(A9=1,0,ROUND(cost_food_cave_stone*1*cost_growth^(A9-2)*IF(A9<=4,stage_early,IF(A9<=stage_mid_level,stage_mid,IF(A9<=stage_late_level,stage_normal,stage_late))),0)) -> 52 | G9: =IF(A9=1,0,ROUND(cost_food_cave_wood*1*cost_growth^(A9-2)*IF(A9<=4,stage_early,IF(A9<=stage_mid_level,stage_mid,IF(A9<=stage_late_level,stage_normal,stage_late))),0)) -> 31 | H9: =IF(A9=1,0,ROUND(build_time_base_min*time_coef_food_cave*time_growth^(A9-2)*IF(A9<=4,stage_early,IF(A9<=stage_mid_level,stage_mid,IF(A9<=stage_late_level,stage_normal,stage_late)))/60,1)) -> 0.1
A10: 4 | B10: =ROUND(store_base*store_growth^(A10-1),0) -> 73 | C10: =ROUND(water_passive_base*water_passive_growth^(A10-1),1) -> 0.5 | D10: =B10*offline_store_mult -> 146 | E10: =cave_protect_base+cave_protect_growth*(A10-1) -> 0.36 | F10: =IF(A10=1,0,ROUND(cost_food_cave_stone*1*cost_growth^(A10-2)*IF(A10<=4,stage_early,IF(A10<=stage_mid_level,stage_mid,IF(A10<=stage_late_level,stage_normal,stage_late))),0)) -> 68 | G10: =IF(A10=1,0,ROUND(cost_food_cave_wood*1*cost_growth^(A10-2)*IF(A10<=4,stage_early,IF(A10<=stage_mid_level,stage_mid,IF(A10<=stage_late_level,stage_normal,stage_late))),0)) -> 41 | H10: =IF(A10=1,0,ROUND(build_time_base_min*time_coef_food_cave*time_growth^(A10-2)*IF(A10<=4,stage_early,IF(A10<=stage_mid_level,stage_mid,IF(A10<=stage_late_level,stage_normal,stage_late)))/60,1)) -> 0.1
A11: 5 | B11: =ROUND(store_base*store_growth^(A11-1),0) -> 89 | C11: =ROUND(water_passive_base*water_passive_growth^(A11-1),1) -> 0.6 | D11: =B11*offline_store_mult -> 178 | E11: =cave_protect_base+cave_protect_growth*(A11-1) -> 0.38 | F11: =IF(A11=1,0,ROUND(cost_food_cave_stone*1*cost_growth^(A11-2)*IF(A11<=4,stage_early,IF(A11<=stage_mid_level,stage_mid,IF(A11<=stage_late_level,stage_normal,stage_late))),0)) -> 154 | G11: =IF(A11=1,0,ROUND(cost_food_cave_wood*1*cost_growth^(A11-2)*IF(A11<=4,stage_early,IF(A11<=stage_mid_level,stage_mid,IF(A11<=stage_late_level,stage_normal,stage_late))),0)) -> 92 | H11: =IF(A11=1,0,ROUND(build_time_base_min*time_coef_food_cave*time_growth^(A11-2)*IF(A11<=4,stage_early,IF(A11<=stage_mid_level,stage_mid,IF(A11<=stage_late_level,stage_normal,stage_late)))/60,1)) -> 0.2
A12: 6 | B12: =ROUND(store_base*store_growth^(A12-1),0) -> 108 | C12: =ROUND(water_passive_base*water_passive_growth^(A12-1),1) -> 0.8 | D12: =B12*offline_store_mult -> 216 | E12: =cave_protect_base+cave_protect_growth*(A12-1) -> 0.4 | F12: =IF(A12=1,0,ROUND(cost_food_cave_stone*1*cost_growth^(A12-2)*IF(A12<=4,stage_early,IF(A12<=stage_mid_level,stage_mid,IF(A12<=stage_late_level,stage_normal,stage_late))),0)) -> 200 | G12: =IF(A12=1,0,ROUND(cost_food_cave_wood*1*cost_growth^(A12-2)*IF(A12<=4,stage_early,IF(A12<=stage_mid_level,stage_mid,IF(A12<=stage_late_level,stage_normal,stage_late))),0)) -> 120 | H12: =IF(A12=1,0,ROUND(build_time_base_min*time_coef_food_cave*time_growth^(A12-2)*IF(A12<=4,stage_early,IF(A12<=stage_mid_level,stage_mid,IF(A12<=stage_late_level,stage_normal,stage_late)))/60,1)) -> 0.3
A13: 7 | B13: =ROUND(store_base*store_growth^(A13-1),0) -> 132 | C13: =ROUND(water_passive_base*water_passive_growth^(A13-1),1) -> 1 | D13: =B13*offline_store_mult -> 264 | E13: =cave_protect_base+cave_protect_growth*(A13-1) -> 0.42 | F13: =IF(A13=1,0,ROUND(cost_food_cave_stone*1*cost_growth^(A13-2)*IF(A13<=4,stage_early,IF(A13<=stage_mid_level,stage_mid,IF(A13<=stage_late_level,stage_normal,stage_late))),0)) -> 260 | G13: =IF(A13=1,0,ROUND(cost_food_cave_wood*1*cost_growth^(A13-2)*IF(A13<=4,stage_early,IF(A13<=stage_mid_level,stage_mid,IF(A13<=stage_late_level,stage_normal,stage_late))),0)) -> 156 | H13: =IF(A13=1,0,ROUND(build_time_base_min*time_coef_food_cave*time_growth^(A13-2)*IF(A13<=4,stage_early,IF(A13<=stage_mid_level,stage_mid,IF(A13<=stage_late_level,stage_normal,stage_late)))/60,1)) -> 0.4
A14: 8 | B14: =ROUND(store_base*store_growth^(A14-1),0) -> 161 | C14: =ROUND(water_passive_base*water_passive_growth^(A14-1),1) -> 1.2 | D14: =B14*offline_store_mult -> 322 | E14: =cave_protect_base+cave_protect_growth*(A14-1) -> 0.44 | F14: =IF(A14=1,0,ROUND(cost_food_cave_stone*1*cost_growth^(A14-2)*IF(A14<=4,stage_early,IF(A14<=stage_mid_level,stage_mid,IF(A14<=stage_late_level,stage_normal,stage_late))),0)) -> 338 | G14: =IF(A14=1,0,ROUND(cost_food_cave_wood*1*cost_growth^(A14-2)*IF(A14<=4,stage_early,IF(A14<=stage_mid_level,stage_mid,IF(A14<=stage_late_level,stage_normal,stage_late))),0)) -> 203 | H14: =IF(A14=1,0,ROUND(build_time_base_min*time_coef_food_cave*time_growth^(A14-2)*IF(A14<=4,stage_early,IF(A14<=stage_mid_level,stage_mid,IF(A14<=stage_late_level,stage_normal,stage_late)))/60,1)) -> 0.4
A15: 9 | B15: =ROUND(store_base*store_growth^(A15-1),0) -> 196 | C15: =ROUND(water_passive_base*water_passive_growth^(A15-1),1) -> 1.5 | D15: =B15*offline_store_mult -> 392 | E15: =cave_protect_base+cave_protect_growth*(A15-1) -> 0.46 | F15: =IF(A15=1,0,ROUND(cost_food_cave_stone*1*cost_growth^(A15-2)*IF(A15<=4,stage_early,IF(A15<=stage_mid_level,stage_mid,IF(A15<=stage_late_level,stage_normal,stage_late))),0)) -> 439 | G15: =IF(A15=1,0,ROUND(cost_food_cave_wood*1*cost_growth^(A15-2)*IF(A15<=4,stage_early,IF(A15<=stage_mid_level,stage_mid,IF(A15<=stage_late_level,stage_normal,stage_late))),0)) -> 264 | H15: =IF(A15=1,0,ROUND(build_time_base_min*time_coef_food_cave*time_growth^(A15-2)*IF(A15<=4,stage_early,IF(A15<=stage_mid_level,stage_mid,IF(A15<=stage_late_level,stage_normal,stage_late)))/60,1)) -> 0.6
A16: 10 | B16: =ROUND(store_base*store_growth^(A16-1),0) -> 239 | C16: =ROUND(water_passive_base*water_passive_growth^(A16-1),1) -> 1.9 | D16: =B16*offline_store_mult -> 478 | E16: =cave_protect_base+cave_protect_growth*(A16-1) -> 0.48 | F16: =IF(A16=1,0,ROUND(cost_food_cave_stone*1*cost_growth^(A16-2)*IF(A16<=4,stage_early,IF(A16<=stage_mid_level,stage_mid,IF(A16<=stage_late_level,stage_normal,stage_late))),0)) -> 571 | G16: =IF(A16=1,0,ROUND(cost_food_cave_wood*1*cost_growth^(A16-2)*IF(A16<=4,stage_early,IF(A16<=stage_mid_level,stage_mid,IF(A16<=stage_late_level,stage_normal,stage_late))),0)) -> 343 | H16: =IF(A16=1,0,ROUND(build_time_base_min*time_coef_food_cave*time_growth^(A16-2)*IF(A16<=4,stage_early,IF(A16<=stage_mid_level,stage_mid,IF(A16<=stage_late_level,stage_normal,stage_late)))/60,1)) -> 0.7
A17: 11 | B17: =ROUND(store_base*store_growth^(A17-1),0) -> 292 | C17: =ROUND(water_passive_base*water_passive_growth^(A17-1),1) -> 2.3 | D17: =B17*offline_store_mult -> 584 | E17: =cave_protect_base+cave_protect_growth*(A17-1) -> 0.5 | F17: =IF(A17=1,0,ROUND(cost_food_cave_stone*1*cost_growth^(A17-2)*IF(A17<=4,stage_early,IF(A17<=stage_mid_level,stage_mid,IF(A17<=stage_late_level,stage_normal,stage_late))),0)) -> 1060 | G17: =IF(A17=1,0,ROUND(cost_food_cave_wood*1*cost_growth^(A17-2)*IF(A17<=4,stage_early,IF(A17<=stage_mid_level,stage_mid,IF(A17<=stage_late_level,stage_normal,stage_late))),0)) -> 636 | H17: =IF(A17=1,0,ROUND(build_time_base_min*time_coef_food_cave*time_growth^(A17-2)*IF(A17<=4,stage_early,IF(A17<=stage_mid_level,stage_mid,IF(A17<=stage_late_level,stage_normal,stage_late)))/60,1)) -> 1.2
A18: 12 | B18: =ROUND(store_base*store_growth^(A18-1),0) -> 356 | C18: =ROUND(water_passive_base*water_passive_growth^(A18-1),1) -> 2.9 | D18: =B18*offline_store_mult -> 712 | E18: =cave_protect_base+cave_protect_growth*(A18-1) -> 0.52 | F18: =IF(A18=1,0,ROUND(cost_food_cave_stone*1*cost_growth^(A18-2)*IF(A18<=4,stage_early,IF(A18<=stage_mid_level,stage_mid,IF(A18<=stage_late_level,stage_normal,stage_late))),0)) -> 1379 | G18: =IF(A18=1,0,ROUND(cost_food_cave_wood*1*cost_growth^(A18-2)*IF(A18<=4,stage_early,IF(A18<=stage_mid_level,stage_mid,IF(A18<=stage_late_level,stage_normal,stage_late))),0)) -> 827 | H18: =IF(A18=1,0,ROUND(build_time_base_min*time_coef_food_cave*time_growth^(A18-2)*IF(A18<=4,stage_early,IF(A18<=stage_mid_level,stage_mid,IF(A18<=stage_late_level,stage_normal,stage_late)))/60,1)) -> 1.6
... A31: 25 | B31: =ROUND(store_base*store_growth^(A31-1),0) -> 4728 | C31: =ROUND(water_passive_base*water_passive_growth^(A31-1),1) -> 52.9 | D31: =B31*offline_store_mult -> 9456 | E31: =cave_protect_base+cave_protect_growth*(A31-1) -> 0.78 | F31: =IF(A31=1,0,ROUND(cost_food_cave_stone*1*cost_growth^(A31-2)*IF(A31<=4,stage_early,IF(A31<=stage_mid_level,stage_mid,IF(A31<=stage_late_level,stage_normal,stage_late))),0)) -> 52192 | G31: =IF(A31=1,0,ROUND(cost_food_cave_wood*1*cost_growth^(A31-2)*IF(A31<=4,stage_early,IF(A31<=stage_mid_level,stage_mid,IF(A31<=stage_late_level,stage_normal,stage_late))),0)) -> 31315 | H31: =IF(A31=1,0,ROUND(build_time_base_min*time_coef_food_cave*time_growth^(A31-2)*IF(A31<=4,stage_early,IF(A31<=stage_mid_level,stage_mid,IF(A31<=stage_late_level,stage_normal,stage_late)))/60,1)) -> 35.3
A32: 2. USTAXONA QOYASI — tosh, shox-shabba, teri, suyak yigʻadi
A33: Daraja | B33: Ishlab chiqarish (soat) | C33: Kunlik ishlab chiqarish | D33: Bufer (10 soat) | E33: Oflayn bufer (2×) | F33: Narx: tosh | G33: Narx: shox-shabba | H33: Narx: suyak | I33: Qurilish vaqti (soat)
A34: 1 | B34: =ROUND(prod_base*prod_growth^(A34-1),0) -> 20 | C34: =ROUND(prod_base*prod_growth^(A34-1)*24,0) -> 480 | D34: =B34*workshop_buffer_h -> 200 | E34: =D34*offline_store_mult -> 400 | F34: =IF(A34=1,0,ROUND(cost_workshop_stone*1*cost_growth^(A34-2)*IF(A34<=4,stage_early,IF(A34<=stage_mid_level,stage_mid,IF(A34<=stage_late_level,stage_normal,stage_late))),0)) -> 0 | G34: =IF(A34=1,0,ROUND(cost_workshop_wood*1*cost_growth^(A34-2)*IF(A34<=4,stage_early,IF(A34<=stage_mid_level,stage_mid,IF(A34<=stage_late_level,stage_normal,stage_late))),0)) -> 0 | H34: =IF(A34=1,0,ROUND(cost_workshop_bone*1*cost_growth^(A34-2)*IF(A34<=4,stage_early,IF(A34<=stage_mid_level,stage_mid,IF(A34<=stage_late_level,stage_normal,stage_late))),0)) -> 0 | I34: =IF(A34=1,0,ROUND(build_time_base_min*time_coef_workshop*time_growth^(A34-2)*IF(A34<=4,stage_early,IF(A34<=stage_mid_level,stage_mid,IF(A34<=stage_late_level,stage_normal,stage_late)))/60,1)) -> 0
A35: 2 | B35: =ROUND(prod_base*prod_growth^(A35-1),0) -> 24 | C35: =ROUND(prod_base*prod_growth^(A35-1)*24,0) -> 586 | D35: =B35*workshop_buffer_h -> 240 | E35: =D35*offline_store_mult -> 480 | F35: =IF(A35=1,0,ROUND(cost_workshop_stone*1*cost_growth^(A35-2)*IF(A35<=4,stage_early,IF(A35<=stage_mid_level,stage_mid,IF(A35<=stage_late_level,stage_normal,stage_late))),0)) -> 60 | G35: =IF(A35=1,0,ROUND(cost_workshop_wood*1*cost_growth^(A35-2)*IF(A35<=4,stage_early,IF(A35<=stage_mid_level,stage_mid,IF(A35<=stage_late_level,stage_normal,stage_late))),0)) -> 40 | H35: =IF(A35=1,0,ROUND(cost_workshop_bone*1*cost_growth^(A35-2)*IF(A35<=4,stage_early,IF(A35<=stage_mid_level,stage_mid,IF(A35<=stage_late_level,stage_normal,stage_late))),0)) -> 16 | I35: =IF(A35=1,0,ROUND(build_time_base_min*time_coef_workshop*time_growth^(A35-2)*IF(A35<=4,stage_early,IF(A35<=stage_mid_level,stage_mid,IF(A35<=stage_late_level,stage_normal,stage_late)))/60,1)) -> 0.1
A36: 3 | B36: =ROUND(prod_base*prod_growth^(A36-1),0) -> 30 | C36: =ROUND(prod_base*prod_growth^(A36-1)*24,0) -> 714 | D36: =B36*workshop_buffer_h -> 300 | E36: =D36*offline_store_mult -> 600 | F36: =IF(A36=1,0,ROUND(cost_workshop_stone*1*cost_growth^(A36-2)*IF(A36<=4,stage_early,IF(A36<=stage_mid_level,stage_mid,IF(A36<=stage_late_level,stage_normal,stage_late))),0)) -> 78 | G36: =IF(A36=1,0,ROUND(cost_workshop_wood*1*cost_growth^(A36-2)*IF(A36<=4,stage_early,IF(A36<=stage_mid_level,stage_mid,IF(A36<=stage_late_level,stage_normal,stage_late))),0)) -> 52 | H36: =IF(A36=1,0,ROUND(cost_workshop_bone*1*cost_growth^(A36-2)*IF(A36<=4,stage_early,IF(A36<=stage_mid_level,stage_mid,IF(A36<=stage_late_level,stage_normal,stage_late))),0)) -> 21 | I36: =IF(A36=1,0,ROUND(build_time_base_min*time_coef_workshop*time_growth^(A36-2)*IF(A36<=4,stage_early,IF(A36<=stage_mid_level,stage_mid,IF(A36<=stage_late_level,stage_normal,stage_late)))/60,1)) -> 0.1
A37: 4 | B37: =ROUND(prod_base*prod_growth^(A37-1),0) -> 36 | C37: =ROUND(prod_base*prod_growth^(A37-1)*24,0) -> 872 | D37: =B37*workshop_buffer_h -> 360 | E37: =D37*offline_store_mult -> 720 | F37: =IF(A37=1,0,ROUND(cost_workshop_stone*1*cost_growth^(A37-2)*IF(A37<=4,stage_early,IF(A37<=stage_mid_level,stage_mid,IF(A37<=stage_late_level,stage_normal,stage_late))),0)) -> 101 | G37: =IF(A37=1,0,ROUND(cost_workshop_wood*1*cost_growth^(A37-2)*IF(A37<=4,stage_early,IF(A37<=stage_mid_level,stage_mid,IF(A37<=stage_late_level,stage_normal,stage_late))),0)) -> 68 | H37: =IF(A37=1,0,ROUND(cost_workshop_bone*1*cost_growth^(A37-2)*IF(A37<=4,stage_early,IF(A37<=stage_mid_level,stage_mid,IF(A37<=stage_late_level,stage_normal,stage_late))),0)) -> 27 | I37: =IF(A37=1,0,ROUND(build_time_base_min*time_coef_workshop*time_growth^(A37-2)*IF(A37<=4,stage_early,IF(A37<=stage_mid_level,stage_mid,IF(A37<=stage_late_level,stage_normal,stage_late)))/60,1)) -> 0.1
A38: 5 | B38: =ROUND(prod_base*prod_growth^(A38-1),0) -> 44 | C38: =ROUND(prod_base*prod_growth^(A38-1)*24,0) -> 1063 | D38: =B38*workshop_buffer_h -> 440 | E38: =D38*offline_store_mult -> 880 | F38: =IF(A38=1,0,ROUND(cost_workshop_stone*1*cost_growth^(A38-2)*IF(A38<=4,stage_early,IF(A38<=stage_mid_level,stage_mid,IF(A38<=stage_late_level,stage_normal,stage_late))),0)) -> 231 | G38: =IF(A38=1,0,ROUND(cost_workshop_wood*1*cost_growth^(A38-2)*IF(A38<=4,stage_early,IF(A38<=stage_mid_level,stage_mid,IF(A38<=stage_late_level,stage_normal,stage_late))),0)) -> 154 | H38: =IF(A38=1,0,ROUND(cost_workshop_bone*1*cost_growth^(A38-2)*IF(A38<=4,stage_early,IF(A38<=stage_mid_level,stage_mid,IF(A38<=stage_late_level,stage_normal,stage_late))),0)) -> 62 | I38: =IF(A38=1,0,ROUND(build_time_base_min*time_coef_workshop*time_growth^(A38-2)*IF(A38<=4,stage_early,IF(A38<=stage_mid_level,stage_mid,IF(A38<=stage_late_level,stage_normal,stage_late)))/60,1)) -> 0.3
A39: 6 | B39: =ROUND(prod_base*prod_growth^(A39-1),0) -> 54 | C39: =ROUND(prod_base*prod_growth^(A39-1)*24,0) -> 1297 | D39: =B39*workshop_buffer_h -> 540 | E39: =D39*offline_store_mult -> 1080 | F39: =IF(A39=1,0,ROUND(cost_workshop_stone*1*cost_growth^(A39-2)*IF(A39<=4,stage_early,IF(A39<=stage_mid_level,stage_mid,IF(A39<=stage_late_level,stage_normal,stage_late))),0)) -> 300 | G39: =IF(A39=1,0,ROUND(cost_workshop_wood*1*cost_growth^(A39-2)*IF(A39<=4,stage_early,IF(A39<=stage_mid_level,stage_mid,IF(A39<=stage_late_level,stage_normal,stage_late))),0)) -> 200 | H39: =IF(A39=1,0,ROUND(cost_workshop_bone*1*cost_growth^(A39-2)*IF(A39<=4,stage_early,IF(A39<=stage_mid_level,stage_mid,IF(A39<=stage_late_level,stage_normal,stage_late))),0)) -> 80 | I39: =IF(A39=1,0,ROUND(build_time_base_min*time_coef_workshop*time_growth^(A39-2)*IF(A39<=4,stage_early,IF(A39<=stage_mid_level,stage_mid,IF(A39<=stage_late_level,stage_normal,stage_late)))/60,1)) -> 0.3
A40: 7 | B40: =ROUND(prod_base*prod_growth^(A40-1),0) -> 66 | C40: =ROUND(prod_base*prod_growth^(A40-1)*24,0) -> 1583 | D40: =B40*workshop_buffer_h -> 660 | E40: =D40*offline_store_mult -> 1320 | F40: =IF(A40=1,0,ROUND(cost_workshop_stone*1*cost_growth^(A40-2)*IF(A40<=4,stage_early,IF(A40<=stage_mid_level,stage_mid,IF(A40<=stage_late_level,stage_normal,stage_late))),0)) -> 390 | G40: =IF(A40=1,0,ROUND(cost_workshop_wood*1*cost_growth^(A40-2)*IF(A40<=4,stage_early,IF(A40<=stage_mid_level,stage_mid,IF(A40<=stage_late_level,stage_normal,stage_late))),0)) -> 260 | H40: =IF(A40=1,0,ROUND(cost_workshop_bone*1*cost_growth^(A40-2)*IF(A40<=4,stage_early,IF(A40<=stage_mid_level,stage_mid,IF(A40<=stage_late_level,stage_normal,stage_late))),0)) -> 104 | I40: =IF(A40=1,0,ROUND(build_time_base_min*time_coef_workshop*time_growth^(A40-2)*IF(A40<=4,stage_early,IF(A40<=stage_mid_level,stage_mid,IF(A40<=stage_late_level,stage_normal,stage_late)))/60,1)) -> 0.4
A41: 8 | B41: =ROUND(prod_base*prod_growth^(A41-1),0) -> 80 | C41: =ROUND(prod_base*prod_growth^(A41-1)*24,0) -> 1931 | D41: =B41*workshop_buffer_h -> 800 | E41: =D41*offline_store_mult -> 1600 | F41: =IF(A41=1,0,ROUND(cost_workshop_stone*1*cost_growth^(A41-2)*IF(A41<=4,stage_early,IF(A41<=stage_mid_level,stage_mid,IF(A41<=stage_late_level,stage_normal,stage_late))),0)) -> 507 | G41: =IF(A41=1,0,ROUND(cost_workshop_wood*1*cost_growth^(A41-2)*IF(A41<=4,stage_early,IF(A41<=stage_mid_level,stage_mid,IF(A41<=stage_late_level,stage_normal,stage_late))),0)) -> 338 | H41: =IF(A41=1,0,ROUND(cost_workshop_bone*1*cost_growth^(A41-2)*IF(A41<=4,stage_early,IF(A41<=stage_mid_level,stage_mid,IF(A41<=stage_late_level,stage_normal,stage_late))),0)) -> 135 | I41: =IF(A41=1,0,ROUND(build_time_base_min*time_coef_workshop*time_growth^(A41-2)*IF(A41<=4,stage_early,IF(A41<=stage_mid_level,stage_mid,IF(A41<=stage_late_level,stage_normal,stage_late)))/60,1)) -> 0.5
A42: 9 | B42: =ROUND(prod_base*prod_growth^(A42-1),0) -> 98 | C42: =ROUND(prod_base*prod_growth^(A42-1)*24,0) -> 2356 | D42: =B42*workshop_buffer_h -> 980 | E42: =D42*offline_store_mult -> 1960 | F42: =IF(A42=1,0,ROUND(cost_workshop_stone*1*cost_growth^(A42-2)*IF(A42<=4,stage_early,IF(A42<=stage_mid_level,stage_mid,IF(A42<=stage_late_level,stage_normal,stage_late))),0)) -> 659 | G42: =IF(A42=1,0,ROUND(cost_workshop_wood*1*cost_growth^(A42-2)*IF(A42<=4,stage_early,IF(A42<=stage_mid_level,stage_mid,IF(A42<=stage_late_level,stage_normal,stage_late))),0)) -> 439 | H42: =IF(A42=1,0,ROUND(cost_workshop_bone*1*cost_growth^(A42-2)*IF(A42<=4,stage_early,IF(A42<=stage_mid_level,stage_mid,IF(A42<=stage_late_level,stage_normal,stage_late))),0)) -> 176 | I42: =IF(A42=1,0,ROUND(build_time_base_min*time_coef_workshop*time_growth^(A42-2)*IF(A42<=4,stage_early,IF(A42<=stage_mid_level,stage_mid,IF(A42<=stage_late_level,stage_normal,stage_late)))/60,1)) -> 0.7
A43: 10 | B43: =ROUND(prod_base*prod_growth^(A43-1),0) -> 120 | C43: =ROUND(prod_base*prod_growth^(A43-1)*24,0) -> 2874 | D43: =B43*workshop_buffer_h -> 1200 | E43: =D43*offline_store_mult -> 2400 | F43: =IF(A43=1,0,ROUND(cost_workshop_stone*1*cost_growth^(A43-2)*IF(A43<=4,stage_early,IF(A43<=stage_mid_level,stage_mid,IF(A43<=stage_late_level,stage_normal,stage_late))),0)) -> 857 | G43: =IF(A43=1,0,ROUND(cost_workshop_wood*1*cost_growth^(A43-2)*IF(A43<=4,stage_early,IF(A43<=stage_mid_level,stage_mid,IF(A43<=stage_late_level,stage_normal,stage_late))),0)) -> 571 | H43: =IF(A43=1,0,ROUND(cost_workshop_bone*1*cost_growth^(A43-2)*IF(A43<=4,stage_early,IF(A43<=stage_mid_level,stage_mid,IF(A43<=stage_late_level,stage_normal,stage_late))),0)) -> 228 | I43: =IF(A43=1,0,ROUND(build_time_base_min*time_coef_workshop*time_growth^(A43-2)*IF(A43<=4,stage_early,IF(A43<=stage_mid_level,stage_mid,IF(A43<=stage_late_level,stage_normal,stage_late)))/60,1)) -> 0.8
A44: 11 | B44: =ROUND(prod_base*prod_growth^(A44-1),0) -> 146 | C44: =ROUND(prod_base*prod_growth^(A44-1)*24,0) -> 3506 | D44: =B44*workshop_buffer_h -> 1460 | E44: =D44*offline_store_mult -> 2920 | F44: =IF(A44=1,0,ROUND(cost_workshop_stone*1*cost_growth^(A44-2)*IF(A44<=4,stage_early,IF(A44<=stage_mid_level,stage_mid,IF(A44<=stage_late_level,stage_normal,stage_late))),0)) -> 1591 | G44: =IF(A44=1,0,ROUND(cost_workshop_wood*1*cost_growth^(A44-2)*IF(A44<=4,stage_early,IF(A44<=stage_mid_level,stage_mid,IF(A44<=stage_late_level,stage_normal,stage_late))),0)) -> 1060 | H44: =IF(A44=1,0,ROUND(cost_workshop_bone*1*cost_growth^(A44-2)*IF(A44<=4,stage_early,IF(A44<=stage_mid_level,stage_mid,IF(A44<=stage_late_level,stage_normal,stage_late))),0)) -> 424 | I44: =IF(A44=1,0,ROUND(build_time_base_min*time_coef_workshop*time_growth^(A44-2)*IF(A44<=4,stage_early,IF(A44<=stage_mid_level,stage_mid,IF(A44<=stage_late_level,stage_normal,stage_late)))/60,1)) -> 1.5
A45: 12 | B45: =ROUND(prod_base*prod_growth^(A45-1),0) -> 178 | C45: =ROUND(prod_base*prod_growth^(A45-1)*24,0) -> 4278 | D45: =B45*workshop_buffer_h -> 1780 | E45: =D45*offline_store_mult -> 3560 | F45: =IF(A45=1,0,ROUND(cost_workshop_stone*1*cost_growth^(A45-2)*IF(A45<=4,stage_early,IF(A45<=stage_mid_level,stage_mid,IF(A45<=stage_late_level,stage_normal,stage_late))),0)) -> 2068 | G45: =IF(A45=1,0,ROUND(cost_workshop_wood*1*cost_growth^(A45-2)*IF(A45<=4,stage_early,IF(A45<=stage_mid_level,stage_mid,IF(A45<=stage_late_level,stage_normal,stage_late))),0)) -> 1379 | H45: =IF(A45=1,0,ROUND(cost_workshop_bone*1*cost_growth^(A45-2)*IF(A45<=4,stage_early,IF(A45<=stage_mid_level,stage_mid,IF(A45<=stage_late_level,stage_normal,stage_late))),0)) -> 551 | I45: =IF(A45=1,0,ROUND(build_time_base_min*time_coef_workshop*time_growth^(A45-2)*IF(A45<=4,stage_early,IF(A45<=stage_mid_level,stage_mid,IF(A45<=stage_late_level,stage_normal,stage_late)))/60,1)) -> 1.9
... A58: 25 | B58: =ROUND(prod_base*prod_growth^(A58-1),0) -> 2364 | C58: =ROUND(prod_base*prod_growth^(A58-1)*24,0) -> 56738 | D58: =B58*workshop_buffer_h -> 23640 | E58: =D58*offline_store_mult -> 47280 | F58: =IF(A58=1,0,ROUND(cost_workshop_stone*1*cost_growth^(A58-2)*IF(A58<=4,stage_early,IF(A58<=stage_mid_level,stage_mid,IF(A58<=stage_late_level,stage_normal,stage_late))),0)) -> 78289 | G58: =IF(A58=1,0,ROUND(cost_workshop_wood*1*cost_growth^(A58-2)*IF(A58<=4,stage_early,IF(A58<=stage_mid_level,stage_mid,IF(A58<=stage_late_level,stage_normal,stage_late))),0)) -> 52192 | H58: =IF(A58=1,0,ROUND(cost_workshop_bone*1*cost_growth^(A58-2)*IF(A58<=4,stage_early,IF(A58<=stage_mid_level,stage_mid,IF(A58<=stage_late_level,stage_normal,stage_late))),0)) -> 20877 | I58: =IF(A58=1,0,ROUND(build_time_base_min*time_coef_workshop*time_growth^(A58-2)*IF(A58<=4,stage_early,IF(A58<=stage_mid_level,stage_mid,IF(A58<=stage_late_level,stage_normal,stage_late)))/60,1)) -> 42.4
A59: 3. RAZVEDKA QOYASI — 🔍 razvedkachi tieri
A60: Daraja | B60: Ochadigan tier | C60: Askar sigʻimi | D60: Mashq tezligi | E60: Narx: tosh | F60: Narx: suyak | G60: Narx: teri | H60: Qurilish vaqti (soat)
A61: 1 | B61: =MAX(1,MIN(6,INT(A61/tier_step_building))) -> 1 | C61: =ROUND(role_cap_base*role_cap_growth^(A61-1),0) -> 6 | D61: =1+train_speed_per_level*(A61-1) -> 1 | E61: =IF(A61=1,0,ROUND(cost_role_stone*cost_coef_scout_rock*cost_growth^(A61-2)*IF(A61<=4,stage_early,IF(A61<=stage_mid_level,stage_mid,IF(A61<=stage_late_level,stage_normal,stage_late))),0)) -> 0 | F61: =IF(A61=1,0,ROUND(cost_role_bone*cost_coef_scout_rock*cost_growth^(A61-2)*IF(A61<=4,stage_early,IF(A61<=stage_mid_level,stage_mid,IF(A61<=stage_late_level,stage_normal,stage_late))),0)) -> 0 | G61: =IF(A61=1,0,ROUND(cost_role_hide*cost_coef_scout_rock*cost_growth^(A61-2)*IF(A61<=4,stage_early,IF(A61<=stage_mid_level,stage_mid,IF(A61<=stage_late_level,stage_normal,stage_late))),0)) -> 0 | H61: =IF(A61=1,0,ROUND(build_time_base_min*time_coef_scout_rock*time_growth^(A61-2)*IF(A61<=4,stage_early,IF(A61<=stage_mid_level,stage_mid,IF(A61<=stage_late_level,stage_normal,stage_late)))/60,1)) -> 0
A62: 2 | B62: =MAX(1,MIN(6,INT(A62/tier_step_building))) -> 1 | C62: =ROUND(role_cap_base*role_cap_growth^(A62-1),0) -> 7 | D62: =1+train_speed_per_level*(A62-1) -> 1.04 | E62: =IF(A62=1,0,ROUND(cost_role_stone*cost_coef_scout_rock*cost_growth^(A62-2)*IF(A62<=4,stage_early,IF(A62<=stage_mid_level,stage_mid,IF(A62<=stage_late_level,stage_normal,stage_late))),0)) -> 36 | F62: =IF(A62=1,0,ROUND(cost_role_bone*cost_coef_scout_rock*cost_growth^(A62-2)*IF(A62<=4,stage_early,IF(A62<=stage_mid_level,stage_mid,IF(A62<=stage_late_level,stage_normal,stage_late))),0)) -> 18 | G62: =IF(A62=1,0,ROUND(cost_role_hide*cost_coef_scout_rock*cost_growth^(A62-2)*IF(A62<=4,stage_early,IF(A62<=stage_mid_level,stage_mid,IF(A62<=stage_late_level,stage_normal,stage_late))),0)) -> 30 | H62: =IF(A62=1,0,ROUND(build_time_base_min*time_coef_scout_rock*time_growth^(A62-2)*IF(A62<=4,stage_early,IF(A62<=stage_mid_level,stage_mid,IF(A62<=stage_late_level,stage_normal,stage_late)))/60,1)) -> 0.1
A63: 3 | B63: =MAX(1,MIN(6,INT(A63/tier_step_building))) -> 1 | C63: =ROUND(role_cap_base*role_cap_growth^(A63-1),0) -> 9 | D63: =1+train_speed_per_level*(A63-1) -> 1.08 | E63: =IF(A63=1,0,ROUND(cost_role_stone*cost_coef_scout_rock*cost_growth^(A63-2)*IF(A63<=4,stage_early,IF(A63<=stage_mid_level,stage_mid,IF(A63<=stage_late_level,stage_normal,stage_late))),0)) -> 47 | F63: =IF(A63=1,0,ROUND(cost_role_bone*cost_coef_scout_rock*cost_growth^(A63-2)*IF(A63<=4,stage_early,IF(A63<=stage_mid_level,stage_mid,IF(A63<=stage_late_level,stage_normal,stage_late))),0)) -> 23 | G63: =IF(A63=1,0,ROUND(cost_role_hide*cost_coef_scout_rock*cost_growth^(A63-2)*IF(A63<=4,stage_early,IF(A63<=stage_mid_level,stage_mid,IF(A63<=stage_late_level,stage_normal,stage_late))),0)) -> 39 | H63: =IF(A63=1,0,ROUND(build_time_base_min*time_coef_scout_rock*time_growth^(A63-2)*IF(A63<=4,stage_early,IF(A63<=stage_mid_level,stage_mid,IF(A63<=stage_late_level,stage_normal,stage_late)))/60,1)) -> 0.1
A64: 4 | B64: =MAX(1,MIN(6,INT(A64/tier_step_building))) -> 1 | C64: =ROUND(role_cap_base*role_cap_growth^(A64-1),0) -> 10 | D64: =1+train_speed_per_level*(A64-1) -> 1.12 | E64: =IF(A64=1,0,ROUND(cost_role_stone*cost_coef_scout_rock*cost_growth^(A64-2)*IF(A64<=4,stage_early,IF(A64<=stage_mid_level,stage_mid,IF(A64<=stage_late_level,stage_normal,stage_late))),0)) -> 61 | F64: =IF(A64=1,0,ROUND(cost_role_bone*cost_coef_scout_rock*cost_growth^(A64-2)*IF(A64<=4,stage_early,IF(A64<=stage_mid_level,stage_mid,IF(A64<=stage_late_level,stage_normal,stage_late))),0)) -> 30 | G64: =IF(A64=1,0,ROUND(cost_role_hide*cost_coef_scout_rock*cost_growth^(A64-2)*IF(A64<=4,stage_early,IF(A64<=stage_mid_level,stage_mid,IF(A64<=stage_late_level,stage_normal,stage_late))),0)) -> 51 | H64: =IF(A64=1,0,ROUND(build_time_base_min*time_coef_scout_rock*time_growth^(A64-2)*IF(A64<=4,stage_early,IF(A64<=stage_mid_level,stage_mid,IF(A64<=stage_late_level,stage_normal,stage_late)))/60,1)) -> 0.1
A65: 5 | B65: =MAX(1,MIN(6,INT(A65/tier_step_building))) -> 1 | C65: =ROUND(role_cap_base*role_cap_growth^(A65-1),0) -> 12 | D65: =1+train_speed_per_level*(A65-1) -> 1.16 | E65: =IF(A65=1,0,ROUND(cost_role_stone*cost_coef_scout_rock*cost_growth^(A65-2)*IF(A65<=4,stage_early,IF(A65<=stage_mid_level,stage_mid,IF(A65<=stage_late_level,stage_normal,stage_late))),0)) -> 138 | F65: =IF(A65=1,0,ROUND(cost_role_bone*cost_coef_scout_rock*cost_growth^(A65-2)*IF(A65<=4,stage_early,IF(A65<=stage_mid_level,stage_mid,IF(A65<=stage_late_level,stage_normal,stage_late))),0)) -> 69 | G65: =IF(A65=1,0,ROUND(cost_role_hide*cost_coef_scout_rock*cost_growth^(A65-2)*IF(A65<=4,stage_early,IF(A65<=stage_mid_level,stage_mid,IF(A65<=stage_late_level,stage_normal,stage_late))),0)) -> 115 | H65: =IF(A65=1,0,ROUND(build_time_base_min*time_coef_scout_rock*time_growth^(A65-2)*IF(A65<=4,stage_early,IF(A65<=stage_mid_level,stage_mid,IF(A65<=stage_late_level,stage_normal,stage_late)))/60,1)) -> 0.2
A66: 6 | B66: =MAX(1,MIN(6,INT(A66/tier_step_building))) -> 1 | C66: =ROUND(role_cap_base*role_cap_growth^(A66-1),0) -> 15 | D66: =1+train_speed_per_level*(A66-1) -> 1.2 | E66: =IF(A66=1,0,ROUND(cost_role_stone*cost_coef_scout_rock*cost_growth^(A66-2)*IF(A66<=4,stage_early,IF(A66<=stage_mid_level,stage_mid,IF(A66<=stage_late_level,stage_normal,stage_late))),0)) -> 180 | F66: =IF(A66=1,0,ROUND(cost_role_bone*cost_coef_scout_rock*cost_growth^(A66-2)*IF(A66<=4,stage_early,IF(A66<=stage_mid_level,stage_mid,IF(A66<=stage_late_level,stage_normal,stage_late))),0)) -> 90 | G66: =IF(A66=1,0,ROUND(cost_role_hide*cost_coef_scout_rock*cost_growth^(A66-2)*IF(A66<=4,stage_early,IF(A66<=stage_mid_level,stage_mid,IF(A66<=stage_late_level,stage_normal,stage_late))),0)) -> 150 | H66: =IF(A66=1,0,ROUND(build_time_base_min*time_coef_scout_rock*time_growth^(A66-2)*IF(A66<=4,stage_early,IF(A66<=stage_mid_level,stage_mid,IF(A66<=stage_late_level,stage_normal,stage_late)))/60,1)) -> 0.2
A67: 7 | B67: =MAX(1,MIN(6,INT(A67/tier_step_building))) -> 1 | C67: =ROUND(role_cap_base*role_cap_growth^(A67-1),0) -> 18 | D67: =1+train_speed_per_level*(A67-1) -> 1.24 | E67: =IF(A67=1,0,ROUND(cost_role_stone*cost_coef_scout_rock*cost_growth^(A67-2)*IF(A67<=4,stage_early,IF(A67<=stage_mid_level,stage_mid,IF(A67<=stage_late_level,stage_normal,stage_late))),0)) -> 234 | F67: =IF(A67=1,0,ROUND(cost_role_bone*cost_coef_scout_rock*cost_growth^(A67-2)*IF(A67<=4,stage_early,IF(A67<=stage_mid_level,stage_mid,IF(A67<=stage_late_level,stage_normal,stage_late))),0)) -> 117 | G67: =IF(A67=1,0,ROUND(cost_role_hide*cost_coef_scout_rock*cost_growth^(A67-2)*IF(A67<=4,stage_early,IF(A67<=stage_mid_level,stage_mid,IF(A67<=stage_late_level,stage_normal,stage_late))),0)) -> 195 | H67: =IF(A67=1,0,ROUND(build_time_base_min*time_coef_scout_rock*time_growth^(A67-2)*IF(A67<=4,stage_early,IF(A67<=stage_mid_level,stage_mid,IF(A67<=stage_late_level,stage_normal,stage_late)))/60,1)) -> 0.3
A68: 8 | B68: =MAX(1,MIN(6,INT(A68/tier_step_building))) -> 2 | C68: =ROUND(role_cap_base*role_cap_growth^(A68-1),0) -> 21 | D68: =1+train_speed_per_level*(A68-1) -> 1.28 | E68: =IF(A68=1,0,ROUND(cost_role_stone*cost_coef_scout_rock*cost_growth^(A68-2)*IF(A68<=4,stage_early,IF(A68<=stage_mid_level,stage_mid,IF(A68<=stage_late_level,stage_normal,stage_late))),0)) -> 304 | F68: =IF(A68=1,0,ROUND(cost_role_bone*cost_coef_scout_rock*cost_growth^(A68-2)*IF(A68<=4,stage_early,IF(A68<=stage_mid_level,stage_mid,IF(A68<=stage_late_level,stage_normal,stage_late))),0)) -> 152 | G68: =IF(A68=1,0,ROUND(cost_role_hide*cost_coef_scout_rock*cost_growth^(A68-2)*IF(A68<=4,stage_early,IF(A68<=stage_mid_level,stage_mid,IF(A68<=stage_late_level,stage_normal,stage_late))),0)) -> 253 | H68: =IF(A68=1,0,ROUND(build_time_base_min*time_coef_scout_rock*time_growth^(A68-2)*IF(A68<=4,stage_early,IF(A68<=stage_mid_level,stage_mid,IF(A68<=stage_late_level,stage_normal,stage_late)))/60,1)) -> 0.4
A69: 9 | B69: =MAX(1,MIN(6,INT(A69/tier_step_building))) -> 2 | C69: =ROUND(role_cap_base*role_cap_growth^(A69-1),0) -> 26 | D69: =1+train_speed_per_level*(A69-1) -> 1.32 | E69: =IF(A69=1,0,ROUND(cost_role_stone*cost_coef_scout_rock*cost_growth^(A69-2)*IF(A69<=4,stage_early,IF(A69<=stage_mid_level,stage_mid,IF(A69<=stage_late_level,stage_normal,stage_late))),0)) -> 395 | F69: =IF(A69=1,0,ROUND(cost_role_bone*cost_coef_scout_rock*cost_growth^(A69-2)*IF(A69<=4,stage_early,IF(A69<=stage_mid_level,stage_mid,IF(A69<=stage_late_level,stage_normal,stage_late))),0)) -> 198 | G69: =IF(A69=1,0,ROUND(cost_role_hide*cost_coef_scout_rock*cost_growth^(A69-2)*IF(A69<=4,stage_early,IF(A69<=stage_mid_level,stage_mid,IF(A69<=stage_late_level,stage_normal,stage_late))),0)) -> 329 | H69: =IF(A69=1,0,ROUND(build_time_base_min*time_coef_scout_rock*time_growth^(A69-2)*IF(A69<=4,stage_early,IF(A69<=stage_mid_level,stage_mid,IF(A69<=stage_late_level,stage_normal,stage_late)))/60,1)) -> 0.4
A70: 10 | B70: =MAX(1,MIN(6,INT(A70/tier_step_building))) -> 2 | C70: =ROUND(role_cap_base*role_cap_growth^(A70-1),0) -> 31 | D70: =1+train_speed_per_level*(A70-1) -> 1.36 | E70: =IF(A70=1,0,ROUND(cost_role_stone*cost_coef_scout_rock*cost_growth^(A70-2)*IF(A70<=4,stage_early,IF(A70<=stage_mid_level,stage_mid,IF(A70<=stage_late_level,stage_normal,stage_late))),0)) -> 514 | F70: =IF(A70=1,0,ROUND(cost_role_bone*cost_coef_scout_rock*cost_growth^(A70-2)*IF(A70<=4,stage_early,IF(A70<=stage_mid_level,stage_mid,IF(A70<=stage_late_level,stage_normal,stage_late))),0)) -> 257 | G70: =IF(A70=1,0,ROUND(cost_role_hide*cost_coef_scout_rock*cost_growth^(A70-2)*IF(A70<=4,stage_early,IF(A70<=stage_mid_level,stage_mid,IF(A70<=stage_late_level,stage_normal,stage_late))),0)) -> 428 | H70: =IF(A70=1,0,ROUND(build_time_base_min*time_coef_scout_rock*time_growth^(A70-2)*IF(A70<=4,stage_early,IF(A70<=stage_mid_level,stage_mid,IF(A70<=stage_late_level,stage_normal,stage_late)))/60,1)) -> 0.6
A71: 11 | B71: =MAX(1,MIN(6,INT(A71/tier_step_building))) -> 2 | C71: =ROUND(role_cap_base*role_cap_growth^(A71-1),0) -> 37 | D71: =1+train_speed_per_level*(A71-1) -> 1.4 | E71: =IF(A71=1,0,ROUND(cost_role_stone*cost_coef_scout_rock*cost_growth^(A71-2)*IF(A71<=4,stage_early,IF(A71<=stage_mid_level,stage_mid,IF(A71<=stage_late_level,stage_normal,stage_late))),0)) -> 954 | F71: =IF(A71=1,0,ROUND(cost_role_bone*cost_coef_scout_rock*cost_growth^(A71-2)*IF(A71<=4,stage_early,IF(A71<=stage_mid_level,stage_mid,IF(A71<=stage_late_level,stage_normal,stage_late))),0)) -> 477 | G71: =IF(A71=1,0,ROUND(cost_role_hide*cost_coef_scout_rock*cost_growth^(A71-2)*IF(A71<=4,stage_early,IF(A71<=stage_mid_level,stage_mid,IF(A71<=stage_late_level,stage_normal,stage_late))),0)) -> 795 | H71: =IF(A71=1,0,ROUND(build_time_base_min*time_coef_scout_rock*time_growth^(A71-2)*IF(A71<=4,stage_early,IF(A71<=stage_mid_level,stage_mid,IF(A71<=stage_late_level,stage_normal,stage_late)))/60,1)) -> 1
A72: 12 | B72: =MAX(1,MIN(6,INT(A72/tier_step_building))) -> 3 | C72: =ROUND(role_cap_base*role_cap_growth^(A72-1),0) -> 45 | D72: =1+train_speed_per_level*(A72-1) -> 1.44 | E72: =IF(A72=1,0,ROUND(cost_role_stone*cost_coef_scout_rock*cost_growth^(A72-2)*IF(A72<=4,stage_early,IF(A72<=stage_mid_level,stage_mid,IF(A72<=stage_late_level,stage_normal,stage_late))),0)) -> 1241 | F72: =IF(A72=1,0,ROUND(cost_role_bone*cost_coef_scout_rock*cost_growth^(A72-2)*IF(A72<=4,stage_early,IF(A72<=stage_mid_level,stage_mid,IF(A72<=stage_late_level,stage_normal,stage_late))),0)) -> 620 | G72: =IF(A72=1,0,ROUND(cost_role_hide*cost_coef_scout_rock*cost_growth^(A72-2)*IF(A72<=4,stage_early,IF(A72<=stage_mid_level,stage_mid,IF(A72<=stage_late_level,stage_normal,stage_late))),0)) -> 1034 | H72: =IF(A72=1,0,ROUND(build_time_base_min*time_coef_scout_rock*time_growth^(A72-2)*IF(A72<=4,stage_early,IF(A72<=stage_mid_level,stage_mid,IF(A72<=stage_late_level,stage_normal,stage_late)))/60,1)) -> 1.2
... A85: 25 | B85: =MAX(1,MIN(6,INT(A85/tier_step_building))) -> 6 | C85: =ROUND(role_cap_base*role_cap_growth^(A85-1),0) -> 477 | D85: =1+train_speed_per_level*(A85-1) -> 1.96 | E85: =IF(A85=1,0,ROUND(cost_role_stone*cost_coef_scout_rock*cost_growth^(A85-2)*IF(A85<=4,stage_early,IF(A85<=stage_mid_level,stage_mid,IF(A85<=stage_late_level,stage_normal,stage_late))),0)) -> 46973 | F85: =IF(A85=1,0,ROUND(cost_role_bone*cost_coef_scout_rock*cost_growth^(A85-2)*IF(A85<=4,stage_early,IF(A85<=stage_mid_level,stage_mid,IF(A85<=stage_late_level,stage_normal,stage_late))),0)) -> 23487 | G85: =IF(A85=1,0,ROUND(cost_role_hide*cost_coef_scout_rock*cost_growth^(A85-2)*IF(A85<=4,stage_early,IF(A85<=stage_mid_level,stage_mid,IF(A85<=stage_late_level,stage_normal,stage_late))),0)) -> 39144 | H85: =IF(A85=1,0,ROUND(build_time_base_min*time_coef_scout_rock*time_growth^(A85-2)*IF(A85<=4,stage_early,IF(A85<=stage_mid_level,stage_mid,IF(A85<=stage_late_level,stage_normal,stage_late)))/60,1)) -> 28.2
A86: 4. JANG MAYDONI — ⚔️ hujumchi tieri
A87: Daraja | B87: Ochadigan tier | C87: Askar sigʻimi | D87: Mashq tezligi | E87: Narx: tosh | F87: Narx: suyak | G87: Narx: teri | H87: Qurilish vaqti (soat)
A88: 1 | B88: =MAX(1,MIN(6,INT(A88/tier_step_building))) -> 1 | C88: =ROUND(role_cap_base*role_cap_growth^(A88-1),0) -> 6 | D88: =1+train_speed_per_level*(A88-1) -> 1 | E88: =IF(A88=1,0,ROUND(cost_role_stone*cost_coef_battle_ground*cost_growth^(A88-2)*IF(A88<=4,stage_early,IF(A88<=stage_mid_level,stage_mid,IF(A88<=stage_late_level,stage_normal,stage_late))),0)) -> 0 | F88: =IF(A88=1,0,ROUND(cost_role_bone*cost_coef_battle_ground*cost_growth^(A88-2)*IF(A88<=4,stage_early,IF(A88<=stage_mid_level,stage_mid,IF(A88<=stage_late_level,stage_normal,stage_late))),0)) -> 0 | G88: =IF(A88=1,0,ROUND(cost_role_hide*cost_coef_battle_ground*cost_growth^(A88-2)*IF(A88<=4,stage_early,IF(A88<=stage_mid_level,stage_mid,IF(A88<=stage_late_level,stage_normal,stage_late))),0)) -> 0 | H88: =IF(A88=1,0,ROUND(build_time_base_min*time_coef_battle_ground*time_growth^(A88-2)*IF(A88<=4,stage_early,IF(A88<=stage_mid_level,stage_mid,IF(A88<=stage_late_level,stage_normal,stage_late)))/60,1)) -> 0
A89: 2 | B89: =MAX(1,MIN(6,INT(A89/tier_step_building))) -> 1 | C89: =ROUND(role_cap_base*role_cap_growth^(A89-1),0) -> 7 | D89: =1+train_speed_per_level*(A89-1) -> 1.04 | E89: =IF(A89=1,0,ROUND(cost_role_stone*cost_coef_battle_ground*cost_growth^(A89-2)*IF(A89<=4,stage_early,IF(A89<=stage_mid_level,stage_mid,IF(A89<=stage_late_level,stage_normal,stage_late))),0)) -> 50 | F89: =IF(A89=1,0,ROUND(cost_role_bone*cost_coef_battle_ground*cost_growth^(A89-2)*IF(A89<=4,stage_early,IF(A89<=stage_mid_level,stage_mid,IF(A89<=stage_late_level,stage_normal,stage_late))),0)) -> 25 | G89: =IF(A89=1,0,ROUND(cost_role_hide*cost_coef_battle_ground*cost_growth^(A89-2)*IF(A89<=4,stage_early,IF(A89<=stage_mid_level,stage_mid,IF(A89<=stage_late_level,stage_normal,stage_late))),0)) -> 42 | H89: =IF(A89=1,0,ROUND(build_time_base_min*time_coef_battle_ground*time_growth^(A89-2)*IF(A89<=4,stage_early,IF(A89<=stage_mid_level,stage_mid,IF(A89<=stage_late_level,stage_normal,stage_late)))/60,1)) -> 0.1
A90: 3 | B90: =MAX(1,MIN(6,INT(A90/tier_step_building))) -> 1 | C90: =ROUND(role_cap_base*role_cap_growth^(A90-1),0) -> 9 | D90: =1+train_speed_per_level*(A90-1) -> 1.08 | E90: =IF(A90=1,0,ROUND(cost_role_stone*cost_coef_battle_ground*cost_growth^(A90-2)*IF(A90<=4,stage_early,IF(A90<=stage_mid_level,stage_mid,IF(A90<=stage_late_level,stage_normal,stage_late))),0)) -> 66 | F90: =IF(A90=1,0,ROUND(cost_role_bone*cost_coef_battle_ground*cost_growth^(A90-2)*IF(A90<=4,stage_early,IF(A90<=stage_mid_level,stage_mid,IF(A90<=stage_late_level,stage_normal,stage_late))),0)) -> 33 | G90: =IF(A90=1,0,ROUND(cost_role_hide*cost_coef_battle_ground*cost_growth^(A90-2)*IF(A90<=4,stage_early,IF(A90<=stage_mid_level,stage_mid,IF(A90<=stage_late_level,stage_normal,stage_late))),0)) -> 55 | H90: =IF(A90=1,0,ROUND(build_time_base_min*time_coef_battle_ground*time_growth^(A90-2)*IF(A90<=4,stage_early,IF(A90<=stage_mid_level,stage_mid,IF(A90<=stage_late_level,stage_normal,stage_late)))/60,1)) -> 0.1
A91: 4 | B91: =MAX(1,MIN(6,INT(A91/tier_step_building))) -> 1 | C91: =ROUND(role_cap_base*role_cap_growth^(A91-1),0) -> 10 | D91: =1+train_speed_per_level*(A91-1) -> 1.12 | E91: =IF(A91=1,0,ROUND(cost_role_stone*cost_coef_battle_ground*cost_growth^(A91-2)*IF(A91<=4,stage_early,IF(A91<=stage_mid_level,stage_mid,IF(A91<=stage_late_level,stage_normal,stage_late))),0)) -> 85 | F91: =IF(A91=1,0,ROUND(cost_role_bone*cost_coef_battle_ground*cost_growth^(A91-2)*IF(A91<=4,stage_early,IF(A91<=stage_mid_level,stage_mid,IF(A91<=stage_late_level,stage_normal,stage_late))),0)) -> 43 | G91: =IF(A91=1,0,ROUND(cost_role_hide*cost_coef_battle_ground*cost_growth^(A91-2)*IF(A91<=4,stage_early,IF(A91<=stage_mid_level,stage_mid,IF(A91<=stage_late_level,stage_normal,stage_late))),0)) -> 71 | H91: =IF(A91=1,0,ROUND(build_time_base_min*time_coef_battle_ground*time_growth^(A91-2)*IF(A91<=4,stage_early,IF(A91<=stage_mid_level,stage_mid,IF(A91<=stage_late_level,stage_normal,stage_late)))/60,1)) -> 0.1
A92: 5 | B92: =MAX(1,MIN(6,INT(A92/tier_step_building))) -> 1 | C92: =ROUND(role_cap_base*role_cap_growth^(A92-1),0) -> 12 | D92: =1+train_speed_per_level*(A92-1) -> 1.16 | E92: =IF(A92=1,0,ROUND(cost_role_stone*cost_coef_battle_ground*cost_growth^(A92-2)*IF(A92<=4,stage_early,IF(A92<=stage_mid_level,stage_mid,IF(A92<=stage_late_level,stage_normal,stage_late))),0)) -> 194 | F92: =IF(A92=1,0,ROUND(cost_role_bone*cost_coef_battle_ground*cost_growth^(A92-2)*IF(A92<=4,stage_early,IF(A92<=stage_mid_level,stage_mid,IF(A92<=stage_late_level,stage_normal,stage_late))),0)) -> 97 | G92: =IF(A92=1,0,ROUND(cost_role_hide*cost_coef_battle_ground*cost_growth^(A92-2)*IF(A92<=4,stage_early,IF(A92<=stage_mid_level,stage_mid,IF(A92<=stage_late_level,stage_normal,stage_late))),0)) -> 161 | H92: =IF(A92=1,0,ROUND(build_time_base_min*time_coef_battle_ground*time_growth^(A92-2)*IF(A92<=4,stage_early,IF(A92<=stage_mid_level,stage_mid,IF(A92<=stage_late_level,stage_normal,stage_late)))/60,1)) -> 0.3
A93: 6 | B93: =MAX(1,MIN(6,INT(A93/tier_step_building))) -> 1 | C93: =ROUND(role_cap_base*role_cap_growth^(A93-1),0) -> 15 | D93: =1+train_speed_per_level*(A93-1) -> 1.2 | E93: =IF(A93=1,0,ROUND(cost_role_stone*cost_coef_battle_ground*cost_growth^(A93-2)*IF(A93<=4,stage_early,IF(A93<=stage_mid_level,stage_mid,IF(A93<=stage_late_level,stage_normal,stage_late))),0)) -> 252 | F93: =IF(A93=1,0,ROUND(cost_role_bone*cost_coef_battle_ground*cost_growth^(A93-2)*IF(A93<=4,stage_early,IF(A93<=stage_mid_level,stage_mid,IF(A93<=stage_late_level,stage_normal,stage_late))),0)) -> 126 | G93: =IF(A93=1,0,ROUND(cost_role_hide*cost_coef_battle_ground*cost_growth^(A93-2)*IF(A93<=4,stage_early,IF(A93<=stage_mid_level,stage_mid,IF(A93<=stage_late_level,stage_normal,stage_late))),0)) -> 210 | H93: =IF(A93=1,0,ROUND(build_time_base_min*time_coef_battle_ground*time_growth^(A93-2)*IF(A93<=4,stage_early,IF(A93<=stage_mid_level,stage_mid,IF(A93<=stage_late_level,stage_normal,stage_late)))/60,1)) -> 0.4
A94: 7 | B94: =MAX(1,MIN(6,INT(A94/tier_step_building))) -> 1 | C94: =ROUND(role_cap_base*role_cap_growth^(A94-1),0) -> 18 | D94: =1+train_speed_per_level*(A94-1) -> 1.24 | E94: =IF(A94=1,0,ROUND(cost_role_stone*cost_coef_battle_ground*cost_growth^(A94-2)*IF(A94<=4,stage_early,IF(A94<=stage_mid_level,stage_mid,IF(A94<=stage_late_level,stage_normal,stage_late))),0)) -> 327 | F94: =IF(A94=1,0,ROUND(cost_role_bone*cost_coef_battle_ground*cost_growth^(A94-2)*IF(A94<=4,stage_early,IF(A94<=stage_mid_level,stage_mid,IF(A94<=stage_late_level,stage_normal,stage_late))),0)) -> 164 | G94: =IF(A94=1,0,ROUND(cost_role_hide*cost_coef_battle_ground*cost_growth^(A94-2)*IF(A94<=4,stage_early,IF(A94<=stage_mid_level,stage_mid,IF(A94<=stage_late_level,stage_normal,stage_late))),0)) -> 273 | H94: =IF(A94=1,0,ROUND(build_time_base_min*time_coef_battle_ground*time_growth^(A94-2)*IF(A94<=4,stage_early,IF(A94<=stage_mid_level,stage_mid,IF(A94<=stage_late_level,stage_normal,stage_late)))/60,1)) -> 0.5
A95: 8 | B95: =MAX(1,MIN(6,INT(A95/tier_step_building))) -> 2 | C95: =ROUND(role_cap_base*role_cap_growth^(A95-1),0) -> 21 | D95: =1+train_speed_per_level*(A95-1) -> 1.28 | E95: =IF(A95=1,0,ROUND(cost_role_stone*cost_coef_battle_ground*cost_growth^(A95-2)*IF(A95<=4,stage_early,IF(A95<=stage_mid_level,stage_mid,IF(A95<=stage_late_level,stage_normal,stage_late))),0)) -> 426 | F95: =IF(A95=1,0,ROUND(cost_role_bone*cost_coef_battle_ground*cost_growth^(A95-2)*IF(A95<=4,stage_early,IF(A95<=stage_mid_level,stage_mid,IF(A95<=stage_late_level,stage_normal,stage_late))),0)) -> 213 | G95: =IF(A95=1,0,ROUND(cost_role_hide*cost_coef_battle_ground*cost_growth^(A95-2)*IF(A95<=4,stage_early,IF(A95<=stage_mid_level,stage_mid,IF(A95<=stage_late_level,stage_normal,stage_late))),0)) -> 355 | H95: =IF(A95=1,0,ROUND(build_time_base_min*time_coef_battle_ground*time_growth^(A95-2)*IF(A95<=4,stage_early,IF(A95<=stage_mid_level,stage_mid,IF(A95<=stage_late_level,stage_normal,stage_late)))/60,1)) -> 0.6
A96: 9 | B96: =MAX(1,MIN(6,INT(A96/tier_step_building))) -> 2 | C96: =ROUND(role_cap_base*role_cap_growth^(A96-1),0) -> 26 | D96: =1+train_speed_per_level*(A96-1) -> 1.32 | E96: =IF(A96=1,0,ROUND(cost_role_stone*cost_coef_battle_ground*cost_growth^(A96-2)*IF(A96<=4,stage_early,IF(A96<=stage_mid_level,stage_mid,IF(A96<=stage_late_level,stage_normal,stage_late))),0)) -> 553 | F96: =IF(A96=1,0,ROUND(cost_role_bone*cost_coef_battle_ground*cost_growth^(A96-2)*IF(A96<=4,stage_early,IF(A96<=stage_mid_level,stage_mid,IF(A96<=stage_late_level,stage_normal,stage_late))),0)) -> 277 | G96: =IF(A96=1,0,ROUND(cost_role_hide*cost_coef_battle_ground*cost_growth^(A96-2)*IF(A96<=4,stage_early,IF(A96<=stage_mid_level,stage_mid,IF(A96<=stage_late_level,stage_normal,stage_late))),0)) -> 461 | H96: =IF(A96=1,0,ROUND(build_time_base_min*time_coef_battle_ground*time_growth^(A96-2)*IF(A96<=4,stage_early,IF(A96<=stage_mid_level,stage_mid,IF(A96<=stage_late_level,stage_normal,stage_late)))/60,1)) -> 0.7
A97: 10 | B97: =MAX(1,MIN(6,INT(A97/tier_step_building))) -> 2 | C97: =ROUND(role_cap_base*role_cap_growth^(A97-1),0) -> 31 | D97: =1+train_speed_per_level*(A97-1) -> 1.36 | E97: =IF(A97=1,0,ROUND(cost_role_stone*cost_coef_battle_ground*cost_growth^(A97-2)*IF(A97<=4,stage_early,IF(A97<=stage_mid_level,stage_mid,IF(A97<=stage_late_level,stage_normal,stage_late))),0)) -> 719 | F97: =IF(A97=1,0,ROUND(cost_role_bone*cost_coef_battle_ground*cost_growth^(A97-2)*IF(A97<=4,stage_early,IF(A97<=stage_mid_level,stage_mid,IF(A97<=stage_late_level,stage_normal,stage_late))),0)) -> 360 | G97: =IF(A97=1,0,ROUND(cost_role_hide*cost_coef_battle_ground*cost_growth^(A97-2)*IF(A97<=4,stage_early,IF(A97<=stage_mid_level,stage_mid,IF(A97<=stage_late_level,stage_normal,stage_late))),0)) -> 600 | H97: =IF(A97=1,0,ROUND(build_time_base_min*time_coef_battle_ground*time_growth^(A97-2)*IF(A97<=4,stage_early,IF(A97<=stage_mid_level,stage_mid,IF(A97<=stage_late_level,stage_normal,stage_late)))/60,1)) -> 0.9
A98: 11 | B98: =MAX(1,MIN(6,INT(A98/tier_step_building))) -> 2 | C98: =ROUND(role_cap_base*role_cap_growth^(A98-1),0) -> 37 | D98: =1+train_speed_per_level*(A98-1) -> 1.4 | E98: =IF(A98=1,0,ROUND(cost_role_stone*cost_coef_battle_ground*cost_growth^(A98-2)*IF(A98<=4,stage_early,IF(A98<=stage_mid_level,stage_mid,IF(A98<=stage_late_level,stage_normal,stage_late))),0)) -> 1336 | F98: =IF(A98=1,0,ROUND(cost_role_bone*cost_coef_battle_ground*cost_growth^(A98-2)*IF(A98<=4,stage_early,IF(A98<=stage_mid_level,stage_mid,IF(A98<=stage_late_level,stage_normal,stage_late))),0)) -> 668 | G98: =IF(A98=1,0,ROUND(cost_role_hide*cost_coef_battle_ground*cost_growth^(A98-2)*IF(A98<=4,stage_early,IF(A98<=stage_mid_level,stage_mid,IF(A98<=stage_late_level,stage_normal,stage_late))),0)) -> 1113 | H98: =IF(A98=1,0,ROUND(build_time_base_min*time_coef_battle_ground*time_growth^(A98-2)*IF(A98<=4,stage_early,IF(A98<=stage_mid_level,stage_mid,IF(A98<=stage_late_level,stage_normal,stage_late)))/60,1)) -> 1.6
A99: 12 | B99: =MAX(1,MIN(6,INT(A99/tier_step_building))) -> 3 | C99: =ROUND(role_cap_base*role_cap_growth^(A99-1),0) -> 45 | D99: =1+train_speed_per_level*(A99-1) -> 1.44 | E99: =IF(A99=1,0,ROUND(cost_role_stone*cost_coef_battle_ground*cost_growth^(A99-2)*IF(A99<=4,stage_early,IF(A99<=stage_mid_level,stage_mid,IF(A99<=stage_late_level,stage_normal,stage_late))),0)) -> 1737 | F99: =IF(A99=1,0,ROUND(cost_role_bone*cost_coef_battle_ground*cost_growth^(A99-2)*IF(A99<=4,stage_early,IF(A99<=stage_mid_level,stage_mid,IF(A99<=stage_late_level,stage_normal,stage_late))),0)) -> 869 | G99: =IF(A99=1,0,ROUND(cost_role_hide*cost_coef_battle_ground*cost_growth^(A99-2)*IF(A99<=4,stage_early,IF(A99<=stage_mid_level,stage_mid,IF(A99<=stage_late_level,stage_normal,stage_late))),0)) -> 1448 | H99: =IF(A99=1,0,ROUND(build_time_base_min*time_coef_battle_ground*time_growth^(A99-2)*IF(A99<=4,stage_early,IF(A99<=stage_mid_level,stage_mid,IF(A99<=stage_late_level,stage_normal,stage_late)))/60,1)) -> 2
... A112: 25 | B112: =MAX(1,MIN(6,INT(A112/tier_step_building))) -> 6 | C112: =ROUND(role_cap_base*role_cap_growth^(A112-1),0) -> 477 | D112: =1+train_speed_per_level*(A112-1) -> 1.96 | E112: =IF(A112=1,0,ROUND(cost_role_stone*cost_coef_battle_ground*cost_growth^(A112-2)*IF(A112<=4,stage_early,IF(A112<=stage_mid_level,stage_mid,IF(A112<=stage_late_level,stage_normal,stage_late))),0)) -> 65762 | F112: =IF(A112=1,0,ROUND(cost_role_bone*cost_coef_battle_ground*cost_growth^(A112-2)*IF(A112<=4,stage_early,IF(A112<=stage_mid_level,stage_mid,IF(A112<=stage_late_level,stage_normal,stage_late))),0)) -> 32881 | G112: =IF(A112=1,0,ROUND(cost_role_hide*cost_coef_battle_ground*cost_growth^(A112-2)*IF(A112<=4,stage_early,IF(A112<=stage_mid_level,stage_mid,IF(A112<=stage_late_level,stage_normal,stage_late))),0)) -> 54802 | H112: =IF(A112=1,0,ROUND(build_time_base_min*time_coef_battle_ground*time_growth^(A112-2)*IF(A112<=4,stage_early,IF(A112<=stage_mid_level,stage_mid,IF(A112<=stage_late_level,stage_normal,stage_late)))/60,1)) -> 45.9
A113: 5. HIMOYA DEVORI — 🛡 himoyachi tieri
A114: Daraja | B114: Ochadigan tier | C114: Askar sigʻimi | D114: Mashq tezligi | E114: Narx: tosh | F114: Narx: suyak | G114: Narx: teri | H114: Qurilish vaqti (soat)
A115: 1 | B115: =MAX(1,MIN(6,INT(A115/tier_step_building))) -> 1 | C115: =ROUND(role_cap_base*role_cap_growth^(A115-1),0) -> 6 | D115: =1+train_speed_per_level*(A115-1) -> 1 | E115: =IF(A115=1,0,ROUND(cost_role_stone*cost_coef_defense_wall*cost_growth^(A115-2)*IF(A115<=4,stage_early,IF(A115<=stage_mid_level,stage_mid,IF(A115<=stage_late_level,stage_normal,stage_late))),0)) -> 0 | F115: =IF(A115=1,0,ROUND(cost_role_bone*cost_coef_defense_wall*cost_growth^(A115-2)*IF(A115<=4,stage_early,IF(A115<=stage_mid_level,stage_mid,IF(A115<=stage_late_level,stage_normal,stage_late))),0)) -> 0 | G115: =IF(A115=1,0,ROUND(cost_role_hide*cost_coef_defense_wall*cost_growth^(A115-2)*IF(A115<=4,stage_early,IF(A115<=stage_mid_level,stage_mid,IF(A115<=stage_late_level,stage_normal,stage_late))),0)) -> 0 | H115: =IF(A115=1,0,ROUND(build_time_base_min*time_coef_defense_wall*time_growth^(A115-2)*IF(A115<=4,stage_early,IF(A115<=stage_mid_level,stage_mid,IF(A115<=stage_late_level,stage_normal,stage_late)))/60,1)) -> 0
A116: 2 | B116: =MAX(1,MIN(6,INT(A116/tier_step_building))) -> 1 | C116: =ROUND(role_cap_base*role_cap_growth^(A116-1),0) -> 7 | D116: =1+train_speed_per_level*(A116-1) -> 1.04 | E116: =IF(A116=1,0,ROUND(cost_role_stone*cost_coef_defense_wall*cost_growth^(A116-2)*IF(A116<=4,stage_early,IF(A116<=stage_mid_level,stage_mid,IF(A116<=stage_late_level,stage_normal,stage_late))),0)) -> 43 | F116: =IF(A116=1,0,ROUND(cost_role_bone*cost_coef_defense_wall*cost_growth^(A116-2)*IF(A116<=4,stage_early,IF(A116<=stage_mid_level,stage_mid,IF(A116<=stage_late_level,stage_normal,stage_late))),0)) -> 22 | G116: =IF(A116=1,0,ROUND(cost_role_hide*cost_coef_defense_wall*cost_growth^(A116-2)*IF(A116<=4,stage_early,IF(A116<=stage_mid_level,stage_mid,IF(A116<=stage_late_level,stage_normal,stage_late))),0)) -> 36 | H116: =IF(A116=1,0,ROUND(build_time_base_min*time_coef_defense_wall*time_growth^(A116-2)*IF(A116<=4,stage_early,IF(A116<=stage_mid_level,stage_mid,IF(A116<=stage_late_level,stage_normal,stage_late)))/60,1)) -> 0.1
A117: 3 | B117: =MAX(1,MIN(6,INT(A117/tier_step_building))) -> 1 | C117: =ROUND(role_cap_base*role_cap_growth^(A117-1),0) -> 9 | D117: =1+train_speed_per_level*(A117-1) -> 1.08 | E117: =IF(A117=1,0,ROUND(cost_role_stone*cost_coef_defense_wall*cost_growth^(A117-2)*IF(A117<=4,stage_early,IF(A117<=stage_mid_level,stage_mid,IF(A117<=stage_late_level,stage_normal,stage_late))),0)) -> 56 | F117: =IF(A117=1,0,ROUND(cost_role_bone*cost_coef_defense_wall*cost_growth^(A117-2)*IF(A117<=4,stage_early,IF(A117<=stage_mid_level,stage_mid,IF(A117<=stage_late_level,stage_normal,stage_late))),0)) -> 28 | G117: =IF(A117=1,0,ROUND(cost_role_hide*cost_coef_defense_wall*cost_growth^(A117-2)*IF(A117<=4,stage_early,IF(A117<=stage_mid_level,stage_mid,IF(A117<=stage_late_level,stage_normal,stage_late))),0)) -> 47 | H117: =IF(A117=1,0,ROUND(build_time_base_min*time_coef_defense_wall*time_growth^(A117-2)*IF(A117<=4,stage_early,IF(A117<=stage_mid_level,stage_mid,IF(A117<=stage_late_level,stage_normal,stage_late)))/60,1)) -> 0.1
A118: 4 | B118: =MAX(1,MIN(6,INT(A118/tier_step_building))) -> 1 | C118: =ROUND(role_cap_base*role_cap_growth^(A118-1),0) -> 10 | D118: =1+train_speed_per_level*(A118-1) -> 1.12 | E118: =IF(A118=1,0,ROUND(cost_role_stone*cost_coef_defense_wall*cost_growth^(A118-2)*IF(A118<=4,stage_early,IF(A118<=stage_mid_level,stage_mid,IF(A118<=stage_late_level,stage_normal,stage_late))),0)) -> 73 | F118: =IF(A118=1,0,ROUND(cost_role_bone*cost_coef_defense_wall*cost_growth^(A118-2)*IF(A118<=4,stage_early,IF(A118<=stage_mid_level,stage_mid,IF(A118<=stage_late_level,stage_normal,stage_late))),0)) -> 37 | G118: =IF(A118=1,0,ROUND(cost_role_hide*cost_coef_defense_wall*cost_growth^(A118-2)*IF(A118<=4,stage_early,IF(A118<=stage_mid_level,stage_mid,IF(A118<=stage_late_level,stage_normal,stage_late))),0)) -> 61 | H118: =IF(A118=1,0,ROUND(build_time_base_min*time_coef_defense_wall*time_growth^(A118-2)*IF(A118<=4,stage_early,IF(A118<=stage_mid_level,stage_mid,IF(A118<=stage_late_level,stage_normal,stage_late)))/60,1)) -> 0.1
A119: 5 | B119: =MAX(1,MIN(6,INT(A119/tier_step_building))) -> 1 | C119: =ROUND(role_cap_base*role_cap_growth^(A119-1),0) -> 12 | D119: =1+train_speed_per_level*(A119-1) -> 1.16 | E119: =IF(A119=1,0,ROUND(cost_role_stone*cost_coef_defense_wall*cost_growth^(A119-2)*IF(A119<=4,stage_early,IF(A119<=stage_mid_level,stage_mid,IF(A119<=stage_late_level,stage_normal,stage_late))),0)) -> 166 | F119: =IF(A119=1,0,ROUND(cost_role_bone*cost_coef_defense_wall*cost_growth^(A119-2)*IF(A119<=4,stage_early,IF(A119<=stage_mid_level,stage_mid,IF(A119<=stage_late_level,stage_normal,stage_late))),0)) -> 83 | G119: =IF(A119=1,0,ROUND(cost_role_hide*cost_coef_defense_wall*cost_growth^(A119-2)*IF(A119<=4,stage_early,IF(A119<=stage_mid_level,stage_mid,IF(A119<=stage_late_level,stage_normal,stage_late))),0)) -> 138 | H119: =IF(A119=1,0,ROUND(build_time_base_min*time_coef_defense_wall*time_growth^(A119-2)*IF(A119<=4,stage_early,IF(A119<=stage_mid_level,stage_mid,IF(A119<=stage_late_level,stage_normal,stage_late)))/60,1)) -> 0.3
A120: 6 | B120: =MAX(1,MIN(6,INT(A120/tier_step_building))) -> 1 | C120: =ROUND(role_cap_base*role_cap_growth^(A120-1),0) -> 15 | D120: =1+train_speed_per_level*(A120-1) -> 1.2 | E120: =IF(A120=1,0,ROUND(cost_role_stone*cost_coef_defense_wall*cost_growth^(A120-2)*IF(A120<=4,stage_early,IF(A120<=stage_mid_level,stage_mid,IF(A120<=stage_late_level,stage_normal,stage_late))),0)) -> 216 | F120: =IF(A120=1,0,ROUND(cost_role_bone*cost_coef_defense_wall*cost_growth^(A120-2)*IF(A120<=4,stage_early,IF(A120<=stage_mid_level,stage_mid,IF(A120<=stage_late_level,stage_normal,stage_late))),0)) -> 108 | G120: =IF(A120=1,0,ROUND(cost_role_hide*cost_coef_defense_wall*cost_growth^(A120-2)*IF(A120<=4,stage_early,IF(A120<=stage_mid_level,stage_mid,IF(A120<=stage_late_level,stage_normal,stage_late))),0)) -> 180 | H120: =IF(A120=1,0,ROUND(build_time_base_min*time_coef_defense_wall*time_growth^(A120-2)*IF(A120<=4,stage_early,IF(A120<=stage_mid_level,stage_mid,IF(A120<=stage_late_level,stage_normal,stage_late)))/60,1)) -> 0.3
A121: 7 | B121: =MAX(1,MIN(6,INT(A121/tier_step_building))) -> 1 | C121: =ROUND(role_cap_base*role_cap_growth^(A121-1),0) -> 18 | D121: =1+train_speed_per_level*(A121-1) -> 1.24 | E121: =IF(A121=1,0,ROUND(cost_role_stone*cost_coef_defense_wall*cost_growth^(A121-2)*IF(A121<=4,stage_early,IF(A121<=stage_mid_level,stage_mid,IF(A121<=stage_late_level,stage_normal,stage_late))),0)) -> 281 | F121: =IF(A121=1,0,ROUND(cost_role_bone*cost_coef_defense_wall*cost_growth^(A121-2)*IF(A121<=4,stage_early,IF(A121<=stage_mid_level,stage_mid,IF(A121<=stage_late_level,stage_normal,stage_late))),0)) -> 140 | G121: =IF(A121=1,0,ROUND(cost_role_hide*cost_coef_defense_wall*cost_growth^(A121-2)*IF(A121<=4,stage_early,IF(A121<=stage_mid_level,stage_mid,IF(A121<=stage_late_level,stage_normal,stage_late))),0)) -> 234 | H121: =IF(A121=1,0,ROUND(build_time_base_min*time_coef_defense_wall*time_growth^(A121-2)*IF(A121<=4,stage_early,IF(A121<=stage_mid_level,stage_mid,IF(A121<=stage_late_level,stage_normal,stage_late)))/60,1)) -> 0.4
A122: 8 | B122: =MAX(1,MIN(6,INT(A122/tier_step_building))) -> 2 | C122: =ROUND(role_cap_base*role_cap_growth^(A122-1),0) -> 21 | D122: =1+train_speed_per_level*(A122-1) -> 1.28 | E122: =IF(A122=1,0,ROUND(cost_role_stone*cost_coef_defense_wall*cost_growth^(A122-2)*IF(A122<=4,stage_early,IF(A122<=stage_mid_level,stage_mid,IF(A122<=stage_late_level,stage_normal,stage_late))),0)) -> 365 | F122: =IF(A122=1,0,ROUND(cost_role_bone*cost_coef_defense_wall*cost_growth^(A122-2)*IF(A122<=4,stage_early,IF(A122<=stage_mid_level,stage_mid,IF(A122<=stage_late_level,stage_normal,stage_late))),0)) -> 182 | G122: =IF(A122=1,0,ROUND(cost_role_hide*cost_coef_defense_wall*cost_growth^(A122-2)*IF(A122<=4,stage_early,IF(A122<=stage_mid_level,stage_mid,IF(A122<=stage_late_level,stage_normal,stage_late))),0)) -> 304 | H122: =IF(A122=1,0,ROUND(build_time_base_min*time_coef_defense_wall*time_growth^(A122-2)*IF(A122<=4,stage_early,IF(A122<=stage_mid_level,stage_mid,IF(A122<=stage_late_level,stage_normal,stage_late)))/60,1)) -> 0.5
A123: 9 | B123: =MAX(1,MIN(6,INT(A123/tier_step_building))) -> 2 | C123: =ROUND(role_cap_base*role_cap_growth^(A123-1),0) -> 26 | D123: =1+train_speed_per_level*(A123-1) -> 1.32 | E123: =IF(A123=1,0,ROUND(cost_role_stone*cost_coef_defense_wall*cost_growth^(A123-2)*IF(A123<=4,stage_early,IF(A123<=stage_mid_level,stage_mid,IF(A123<=stage_late_level,stage_normal,stage_late))),0)) -> 474 | F123: =IF(A123=1,0,ROUND(cost_role_bone*cost_coef_defense_wall*cost_growth^(A123-2)*IF(A123<=4,stage_early,IF(A123<=stage_mid_level,stage_mid,IF(A123<=stage_late_level,stage_normal,stage_late))),0)) -> 237 | G123: =IF(A123=1,0,ROUND(cost_role_hide*cost_coef_defense_wall*cost_growth^(A123-2)*IF(A123<=4,stage_early,IF(A123<=stage_mid_level,stage_mid,IF(A123<=stage_late_level,stage_normal,stage_late))),0)) -> 395 | H123: =IF(A123=1,0,ROUND(build_time_base_min*time_coef_defense_wall*time_growth^(A123-2)*IF(A123<=4,stage_early,IF(A123<=stage_mid_level,stage_mid,IF(A123<=stage_late_level,stage_normal,stage_late)))/60,1)) -> 0.6
A124: 10 | B124: =MAX(1,MIN(6,INT(A124/tier_step_building))) -> 2 | C124: =ROUND(role_cap_base*role_cap_growth^(A124-1),0) -> 31 | D124: =1+train_speed_per_level*(A124-1) -> 1.36 | E124: =IF(A124=1,0,ROUND(cost_role_stone*cost_coef_defense_wall*cost_growth^(A124-2)*IF(A124<=4,stage_early,IF(A124<=stage_mid_level,stage_mid,IF(A124<=stage_late_level,stage_normal,stage_late))),0)) -> 617 | F124: =IF(A124=1,0,ROUND(cost_role_bone*cost_coef_defense_wall*cost_growth^(A124-2)*IF(A124<=4,stage_early,IF(A124<=stage_mid_level,stage_mid,IF(A124<=stage_late_level,stage_normal,stage_late))),0)) -> 308 | G124: =IF(A124=1,0,ROUND(cost_role_hide*cost_coef_defense_wall*cost_growth^(A124-2)*IF(A124<=4,stage_early,IF(A124<=stage_mid_level,stage_mid,IF(A124<=stage_late_level,stage_normal,stage_late))),0)) -> 514 | H124: =IF(A124=1,0,ROUND(build_time_base_min*time_coef_defense_wall*time_growth^(A124-2)*IF(A124<=4,stage_early,IF(A124<=stage_mid_level,stage_mid,IF(A124<=stage_late_level,stage_normal,stage_late)))/60,1)) -> 0.8
A125: 11 | B125: =MAX(1,MIN(6,INT(A125/tier_step_building))) -> 2 | C125: =ROUND(role_cap_base*role_cap_growth^(A125-1),0) -> 37 | D125: =1+train_speed_per_level*(A125-1) -> 1.4 | E125: =IF(A125=1,0,ROUND(cost_role_stone*cost_coef_defense_wall*cost_growth^(A125-2)*IF(A125<=4,stage_early,IF(A125<=stage_mid_level,stage_mid,IF(A125<=stage_late_level,stage_normal,stage_late))),0)) -> 1145 | F125: =IF(A125=1,0,ROUND(cost_role_bone*cost_coef_defense_wall*cost_growth^(A125-2)*IF(A125<=4,stage_early,IF(A125<=stage_mid_level,stage_mid,IF(A125<=stage_late_level,stage_normal,stage_late))),0)) -> 573 | G125: =IF(A125=1,0,ROUND(cost_role_hide*cost_coef_defense_wall*cost_growth^(A125-2)*IF(A125<=4,stage_early,IF(A125<=stage_mid_level,stage_mid,IF(A125<=stage_late_level,stage_normal,stage_late))),0)) -> 954 | H125: =IF(A125=1,0,ROUND(build_time_base_min*time_coef_defense_wall*time_growth^(A125-2)*IF(A125<=4,stage_early,IF(A125<=stage_mid_level,stage_mid,IF(A125<=stage_late_level,stage_normal,stage_late)))/60,1)) -> 1.4
A126: 12 | B126: =MAX(1,MIN(6,INT(A126/tier_step_building))) -> 3 | C126: =ROUND(role_cap_base*role_cap_growth^(A126-1),0) -> 45 | D126: =1+train_speed_per_level*(A126-1) -> 1.44 | E126: =IF(A126=1,0,ROUND(cost_role_stone*cost_coef_defense_wall*cost_growth^(A126-2)*IF(A126<=4,stage_early,IF(A126<=stage_mid_level,stage_mid,IF(A126<=stage_late_level,stage_normal,stage_late))),0)) -> 1489 | F126: =IF(A126=1,0,ROUND(cost_role_bone*cost_coef_defense_wall*cost_growth^(A126-2)*IF(A126<=4,stage_early,IF(A126<=stage_mid_level,stage_mid,IF(A126<=stage_late_level,stage_normal,stage_late))),0)) -> 744 | G126: =IF(A126=1,0,ROUND(cost_role_hide*cost_coef_defense_wall*cost_growth^(A126-2)*IF(A126<=4,stage_early,IF(A126<=stage_mid_level,stage_mid,IF(A126<=stage_late_level,stage_normal,stage_late))),0)) -> 1241 | H126: =IF(A126=1,0,ROUND(build_time_base_min*time_coef_defense_wall*time_growth^(A126-2)*IF(A126<=4,stage_early,IF(A126<=stage_mid_level,stage_mid,IF(A126<=stage_late_level,stage_normal,stage_late)))/60,1)) -> 1.7
... A139: 25 | B139: =MAX(1,MIN(6,INT(A139/tier_step_building))) -> 6 | C139: =ROUND(role_cap_base*role_cap_growth^(A139-1),0) -> 477 | D139: =1+train_speed_per_level*(A139-1) -> 1.96 | E139: =IF(A139=1,0,ROUND(cost_role_stone*cost_coef_defense_wall*cost_growth^(A139-2)*IF(A139<=4,stage_early,IF(A139<=stage_mid_level,stage_mid,IF(A139<=stage_late_level,stage_normal,stage_late))),0)) -> 56368 | F139: =IF(A139=1,0,ROUND(cost_role_bone*cost_coef_defense_wall*cost_growth^(A139-2)*IF(A139<=4,stage_early,IF(A139<=stage_mid_level,stage_mid,IF(A139<=stage_late_level,stage_normal,stage_late))),0)) -> 28184 | G139: =IF(A139=1,0,ROUND(cost_role_hide*cost_coef_defense_wall*cost_growth^(A139-2)*IF(A139<=4,stage_early,IF(A139<=stage_mid_level,stage_mid,IF(A139<=stage_late_level,stage_normal,stage_late))),0)) -> 46973 | H139: =IF(A139=1,0,ROUND(build_time_base_min*time_coef_defense_wall*time_growth^(A139-2)*IF(A139<=4,stage_early,IF(A139<=stage_mid_level,stage_mid,IF(A139<=stage_late_level,stage_normal,stage_late)))/60,1)) -> 38.8
A140: 6. OV SOʻQMOGʻI — 🥩 ovchi tieri
A141: Daraja | B141: Ochadigan tier | C141: Askar sigʻimi | D141: Mashq tezligi | E141: Narx: tosh | F141: Narx: suyak | G141: Narx: teri | H141: Qurilish vaqti (soat)
A142: 1 | B142: =MAX(1,MIN(6,INT(A142/tier_step_building))) -> 1 | C142: =ROUND(role_cap_base*role_cap_growth^(A142-1),0) -> 6 | D142: =1+train_speed_per_level*(A142-1) -> 1 | E142: =IF(A142=1,0,ROUND(cost_role_stone*cost_coef_hunt_path*cost_growth^(A142-2)*IF(A142<=4,stage_early,IF(A142<=stage_mid_level,stage_mid,IF(A142<=stage_late_level,stage_normal,stage_late))),0)) -> 0 | F142: =IF(A142=1,0,ROUND(cost_role_bone*cost_coef_hunt_path*cost_growth^(A142-2)*IF(A142<=4,stage_early,IF(A142<=stage_mid_level,stage_mid,IF(A142<=stage_late_level,stage_normal,stage_late))),0)) -> 0 | G142: =IF(A142=1,0,ROUND(cost_role_hide*cost_coef_hunt_path*cost_growth^(A142-2)*IF(A142<=4,stage_early,IF(A142<=stage_mid_level,stage_mid,IF(A142<=stage_late_level,stage_normal,stage_late))),0)) -> 0 | H142: =IF(A142=1,0,ROUND(build_time_base_min*time_coef_hunt_path*time_growth^(A142-2)*IF(A142<=4,stage_early,IF(A142<=stage_mid_level,stage_mid,IF(A142<=stage_late_level,stage_normal,stage_late)))/60,1)) -> 0
A143: 2 | B143: =MAX(1,MIN(6,INT(A143/tier_step_building))) -> 1 | C143: =ROUND(role_cap_base*role_cap_growth^(A143-1),0) -> 7 | D143: =1+train_speed_per_level*(A143-1) -> 1.04 | E143: =IF(A143=1,0,ROUND(cost_role_stone*cost_coef_hunt_path*cost_growth^(A143-2)*IF(A143<=4,stage_early,IF(A143<=stage_mid_level,stage_mid,IF(A143<=stage_late_level,stage_normal,stage_late))),0)) -> 32 | F143: =IF(A143=1,0,ROUND(cost_role_bone*cost_coef_hunt_path*cost_growth^(A143-2)*IF(A143<=4,stage_early,IF(A143<=stage_mid_level,stage_mid,IF(A143<=stage_late_level,stage_normal,stage_late))),0)) -> 16 | G143: =IF(A143=1,0,ROUND(cost_role_hide*cost_coef_hunt_path*cost_growth^(A143-2)*IF(A143<=4,stage_early,IF(A143<=stage_mid_level,stage_mid,IF(A143<=stage_late_level,stage_normal,stage_late))),0)) -> 27 | H143: =IF(A143=1,0,ROUND(build_time_base_min*time_coef_hunt_path*time_growth^(A143-2)*IF(A143<=4,stage_early,IF(A143<=stage_mid_level,stage_mid,IF(A143<=stage_late_level,stage_normal,stage_late)))/60,1)) -> 0
A144: 3 | B144: =MAX(1,MIN(6,INT(A144/tier_step_building))) -> 1 | C144: =ROUND(role_cap_base*role_cap_growth^(A144-1),0) -> 9 | D144: =1+train_speed_per_level*(A144-1) -> 1.08 | E144: =IF(A144=1,0,ROUND(cost_role_stone*cost_coef_hunt_path*cost_growth^(A144-2)*IF(A144<=4,stage_early,IF(A144<=stage_mid_level,stage_mid,IF(A144<=stage_late_level,stage_normal,stage_late))),0)) -> 42 | F144: =IF(A144=1,0,ROUND(cost_role_bone*cost_coef_hunt_path*cost_growth^(A144-2)*IF(A144<=4,stage_early,IF(A144<=stage_mid_level,stage_mid,IF(A144<=stage_late_level,stage_normal,stage_late))),0)) -> 21 | G144: =IF(A144=1,0,ROUND(cost_role_hide*cost_coef_hunt_path*cost_growth^(A144-2)*IF(A144<=4,stage_early,IF(A144<=stage_mid_level,stage_mid,IF(A144<=stage_late_level,stage_normal,stage_late))),0)) -> 35 | H144: =IF(A144=1,0,ROUND(build_time_base_min*time_coef_hunt_path*time_growth^(A144-2)*IF(A144<=4,stage_early,IF(A144<=stage_mid_level,stage_mid,IF(A144<=stage_late_level,stage_normal,stage_late)))/60,1)) -> 0.1
A145: 4 | B145: =MAX(1,MIN(6,INT(A145/tier_step_building))) -> 1 | C145: =ROUND(role_cap_base*role_cap_growth^(A145-1),0) -> 10 | D145: =1+train_speed_per_level*(A145-1) -> 1.12 | E145: =IF(A145=1,0,ROUND(cost_role_stone*cost_coef_hunt_path*cost_growth^(A145-2)*IF(A145<=4,stage_early,IF(A145<=stage_mid_level,stage_mid,IF(A145<=stage_late_level,stage_normal,stage_late))),0)) -> 55 | F145: =IF(A145=1,0,ROUND(cost_role_bone*cost_coef_hunt_path*cost_growth^(A145-2)*IF(A145<=4,stage_early,IF(A145<=stage_mid_level,stage_mid,IF(A145<=stage_late_level,stage_normal,stage_late))),0)) -> 27 | G145: =IF(A145=1,0,ROUND(cost_role_hide*cost_coef_hunt_path*cost_growth^(A145-2)*IF(A145<=4,stage_early,IF(A145<=stage_mid_level,stage_mid,IF(A145<=stage_late_level,stage_normal,stage_late))),0)) -> 46 | H145: =IF(A145=1,0,ROUND(build_time_base_min*time_coef_hunt_path*time_growth^(A145-2)*IF(A145<=4,stage_early,IF(A145<=stage_mid_level,stage_mid,IF(A145<=stage_late_level,stage_normal,stage_late)))/60,1)) -> 0.1
A146: 5 | B146: =MAX(1,MIN(6,INT(A146/tier_step_building))) -> 1 | C146: =ROUND(role_cap_base*role_cap_growth^(A146-1),0) -> 12 | D146: =1+train_speed_per_level*(A146-1) -> 1.16 | E146: =IF(A146=1,0,ROUND(cost_role_stone*cost_coef_hunt_path*cost_growth^(A146-2)*IF(A146<=4,stage_early,IF(A146<=stage_mid_level,stage_mid,IF(A146<=stage_late_level,stage_normal,stage_late))),0)) -> 125 | F146: =IF(A146=1,0,ROUND(cost_role_bone*cost_coef_hunt_path*cost_growth^(A146-2)*IF(A146<=4,stage_early,IF(A146<=stage_mid_level,stage_mid,IF(A146<=stage_late_level,stage_normal,stage_late))),0)) -> 62 | G146: =IF(A146=1,0,ROUND(cost_role_hide*cost_coef_hunt_path*cost_growth^(A146-2)*IF(A146<=4,stage_early,IF(A146<=stage_mid_level,stage_mid,IF(A146<=stage_late_level,stage_normal,stage_late))),0)) -> 104 | H146: =IF(A146=1,0,ROUND(build_time_base_min*time_coef_hunt_path*time_growth^(A146-2)*IF(A146<=4,stage_early,IF(A146<=stage_mid_level,stage_mid,IF(A146<=stage_late_level,stage_normal,stage_late)))/60,1)) -> 0.2
A147: 6 | B147: =MAX(1,MIN(6,INT(A147/tier_step_building))) -> 1 | C147: =ROUND(role_cap_base*role_cap_growth^(A147-1),0) -> 15 | D147: =1+train_speed_per_level*(A147-1) -> 1.2 | E147: =IF(A147=1,0,ROUND(cost_role_stone*cost_coef_hunt_path*cost_growth^(A147-2)*IF(A147<=4,stage_early,IF(A147<=stage_mid_level,stage_mid,IF(A147<=stage_late_level,stage_normal,stage_late))),0)) -> 162 | F147: =IF(A147=1,0,ROUND(cost_role_bone*cost_coef_hunt_path*cost_growth^(A147-2)*IF(A147<=4,stage_early,IF(A147<=stage_mid_level,stage_mid,IF(A147<=stage_late_level,stage_normal,stage_late))),0)) -> 81 | G147: =IF(A147=1,0,ROUND(cost_role_hide*cost_coef_hunt_path*cost_growth^(A147-2)*IF(A147<=4,stage_early,IF(A147<=stage_mid_level,stage_mid,IF(A147<=stage_late_level,stage_normal,stage_late))),0)) -> 135 | H147: =IF(A147=1,0,ROUND(build_time_base_min*time_coef_hunt_path*time_growth^(A147-2)*IF(A147<=4,stage_early,IF(A147<=stage_mid_level,stage_mid,IF(A147<=stage_late_level,stage_normal,stage_late)))/60,1)) -> 0.2
A148: 7 | B148: =MAX(1,MIN(6,INT(A148/tier_step_building))) -> 1 | C148: =ROUND(role_cap_base*role_cap_growth^(A148-1),0) -> 18 | D148: =1+train_speed_per_level*(A148-1) -> 1.24 | E148: =IF(A148=1,0,ROUND(cost_role_stone*cost_coef_hunt_path*cost_growth^(A148-2)*IF(A148<=4,stage_early,IF(A148<=stage_mid_level,stage_mid,IF(A148<=stage_late_level,stage_normal,stage_late))),0)) -> 211 | F148: =IF(A148=1,0,ROUND(cost_role_bone*cost_coef_hunt_path*cost_growth^(A148-2)*IF(A148<=4,stage_early,IF(A148<=stage_mid_level,stage_mid,IF(A148<=stage_late_level,stage_normal,stage_late))),0)) -> 105 | G148: =IF(A148=1,0,ROUND(cost_role_hide*cost_coef_hunt_path*cost_growth^(A148-2)*IF(A148<=4,stage_early,IF(A148<=stage_mid_level,stage_mid,IF(A148<=stage_late_level,stage_normal,stage_late))),0)) -> 175 | H148: =IF(A148=1,0,ROUND(build_time_base_min*time_coef_hunt_path*time_growth^(A148-2)*IF(A148<=4,stage_early,IF(A148<=stage_mid_level,stage_mid,IF(A148<=stage_late_level,stage_normal,stage_late)))/60,1)) -> 0.2
A149: 8 | B149: =MAX(1,MIN(6,INT(A149/tier_step_building))) -> 2 | C149: =ROUND(role_cap_base*role_cap_growth^(A149-1),0) -> 21 | D149: =1+train_speed_per_level*(A149-1) -> 1.28 | E149: =IF(A149=1,0,ROUND(cost_role_stone*cost_coef_hunt_path*cost_growth^(A149-2)*IF(A149<=4,stage_early,IF(A149<=stage_mid_level,stage_mid,IF(A149<=stage_late_level,stage_normal,stage_late))),0)) -> 274 | F149: =IF(A149=1,0,ROUND(cost_role_bone*cost_coef_hunt_path*cost_growth^(A149-2)*IF(A149<=4,stage_early,IF(A149<=stage_mid_level,stage_mid,IF(A149<=stage_late_level,stage_normal,stage_late))),0)) -> 137 | G149: =IF(A149=1,0,ROUND(cost_role_hide*cost_coef_hunt_path*cost_growth^(A149-2)*IF(A149<=4,stage_early,IF(A149<=stage_mid_level,stage_mid,IF(A149<=stage_late_level,stage_normal,stage_late))),0)) -> 228 | H149: =IF(A149=1,0,ROUND(build_time_base_min*time_coef_hunt_path*time_growth^(A149-2)*IF(A149<=4,stage_early,IF(A149<=stage_mid_level,stage_mid,IF(A149<=stage_late_level,stage_normal,stage_late)))/60,1)) -> 0.3
A150: 9 | B150: =MAX(1,MIN(6,INT(A150/tier_step_building))) -> 2 | C150: =ROUND(role_cap_base*role_cap_growth^(A150-1),0) -> 26 | D150: =1+train_speed_per_level*(A150-1) -> 1.32 | E150: =IF(A150=1,0,ROUND(cost_role_stone*cost_coef_hunt_path*cost_growth^(A150-2)*IF(A150<=4,stage_early,IF(A150<=stage_mid_level,stage_mid,IF(A150<=stage_late_level,stage_normal,stage_late))),0)) -> 356 | F150: =IF(A150=1,0,ROUND(cost_role_bone*cost_coef_hunt_path*cost_growth^(A150-2)*IF(A150<=4,stage_early,IF(A150<=stage_mid_level,stage_mid,IF(A150<=stage_late_level,stage_normal,stage_late))),0)) -> 178 | G150: =IF(A150=1,0,ROUND(cost_role_hide*cost_coef_hunt_path*cost_growth^(A150-2)*IF(A150<=4,stage_early,IF(A150<=stage_mid_level,stage_mid,IF(A150<=stage_late_level,stage_normal,stage_late))),0)) -> 296 | H150: =IF(A150=1,0,ROUND(build_time_base_min*time_coef_hunt_path*time_growth^(A150-2)*IF(A150<=4,stage_early,IF(A150<=stage_mid_level,stage_mid,IF(A150<=stage_late_level,stage_normal,stage_late)))/60,1)) -> 0.4
A151: 10 | B151: =MAX(1,MIN(6,INT(A151/tier_step_building))) -> 2 | C151: =ROUND(role_cap_base*role_cap_growth^(A151-1),0) -> 31 | D151: =1+train_speed_per_level*(A151-1) -> 1.36 | E151: =IF(A151=1,0,ROUND(cost_role_stone*cost_coef_hunt_path*cost_growth^(A151-2)*IF(A151<=4,stage_early,IF(A151<=stage_mid_level,stage_mid,IF(A151<=stage_late_level,stage_normal,stage_late))),0)) -> 463 | F151: =IF(A151=1,0,ROUND(cost_role_bone*cost_coef_hunt_path*cost_growth^(A151-2)*IF(A151<=4,stage_early,IF(A151<=stage_mid_level,stage_mid,IF(A151<=stage_late_level,stage_normal,stage_late))),0)) -> 231 | G151: =IF(A151=1,0,ROUND(cost_role_hide*cost_coef_hunt_path*cost_growth^(A151-2)*IF(A151<=4,stage_early,IF(A151<=stage_mid_level,stage_mid,IF(A151<=stage_late_level,stage_normal,stage_late))),0)) -> 385 | H151: =IF(A151=1,0,ROUND(build_time_base_min*time_coef_hunt_path*time_growth^(A151-2)*IF(A151<=4,stage_early,IF(A151<=stage_mid_level,stage_mid,IF(A151<=stage_late_level,stage_normal,stage_late)))/60,1)) -> 0.5
A152: 11 | B152: =MAX(1,MIN(6,INT(A152/tier_step_building))) -> 2 | C152: =ROUND(role_cap_base*role_cap_growth^(A152-1),0) -> 37 | D152: =1+train_speed_per_level*(A152-1) -> 1.4 | E152: =IF(A152=1,0,ROUND(cost_role_stone*cost_coef_hunt_path*cost_growth^(A152-2)*IF(A152<=4,stage_early,IF(A152<=stage_mid_level,stage_mid,IF(A152<=stage_late_level,stage_normal,stage_late))),0)) -> 859 | F152: =IF(A152=1,0,ROUND(cost_role_bone*cost_coef_hunt_path*cost_growth^(A152-2)*IF(A152<=4,stage_early,IF(A152<=stage_mid_level,stage_mid,IF(A152<=stage_late_level,stage_normal,stage_late))),0)) -> 429 | G152: =IF(A152=1,0,ROUND(cost_role_hide*cost_coef_hunt_path*cost_growth^(A152-2)*IF(A152<=4,stage_early,IF(A152<=stage_mid_level,stage_mid,IF(A152<=stage_late_level,stage_normal,stage_late))),0)) -> 716 | H152: =IF(A152=1,0,ROUND(build_time_base_min*time_coef_hunt_path*time_growth^(A152-2)*IF(A152<=4,stage_early,IF(A152<=stage_mid_level,stage_mid,IF(A152<=stage_late_level,stage_normal,stage_late)))/60,1)) -> 0.9
A153: 12 | B153: =MAX(1,MIN(6,INT(A153/tier_step_building))) -> 3 | C153: =ROUND(role_cap_base*role_cap_growth^(A153-1),0) -> 45 | D153: =1+train_speed_per_level*(A153-1) -> 1.44 | E153: =IF(A153=1,0,ROUND(cost_role_stone*cost_coef_hunt_path*cost_growth^(A153-2)*IF(A153<=4,stage_early,IF(A153<=stage_mid_level,stage_mid,IF(A153<=stage_late_level,stage_normal,stage_late))),0)) -> 1117 | F153: =IF(A153=1,0,ROUND(cost_role_bone*cost_coef_hunt_path*cost_growth^(A153-2)*IF(A153<=4,stage_early,IF(A153<=stage_mid_level,stage_mid,IF(A153<=stage_late_level,stage_normal,stage_late))),0)) -> 558 | G153: =IF(A153=1,0,ROUND(cost_role_hide*cost_coef_hunt_path*cost_growth^(A153-2)*IF(A153<=4,stage_early,IF(A153<=stage_mid_level,stage_mid,IF(A153<=stage_late_level,stage_normal,stage_late))),0)) -> 931 | H153: =IF(A153=1,0,ROUND(build_time_base_min*time_coef_hunt_path*time_growth^(A153-2)*IF(A153<=4,stage_early,IF(A153<=stage_mid_level,stage_mid,IF(A153<=stage_late_level,stage_normal,stage_late)))/60,1)) -> 1.1
... A166: 25 | B166: =MAX(1,MIN(6,INT(A166/tier_step_building))) -> 6 | C166: =ROUND(role_cap_base*role_cap_growth^(A166-1),0) -> 477 | D166: =1+train_speed_per_level*(A166-1) -> 1.96 | E166: =IF(A166=1,0,ROUND(cost_role_stone*cost_coef_hunt_path*cost_growth^(A166-2)*IF(A166<=4,stage_early,IF(A166<=stage_mid_level,stage_mid,IF(A166<=stage_late_level,stage_normal,stage_late))),0)) -> 42276 | F166: =IF(A166=1,0,ROUND(cost_role_bone*cost_coef_hunt_path*cost_growth^(A166-2)*IF(A166<=4,stage_early,IF(A166<=stage_mid_level,stage_mid,IF(A166<=stage_late_level,stage_normal,stage_late))),0)) -> 21138 | G166: =IF(A166=1,0,ROUND(cost_role_hide*cost_coef_hunt_path*cost_growth^(A166-2)*IF(A166<=4,stage_early,IF(A166<=stage_mid_level,stage_mid,IF(A166<=stage_late_level,stage_normal,stage_late))),0)) -> 35230 | H166: =IF(A166=1,0,ROUND(build_time_base_min*time_coef_hunt_path*time_growth^(A166-2)*IF(A166<=4,stage_early,IF(A166<=stage_mid_level,stage_mid,IF(A166<=stage_late_level,stage_normal,stage_late)))/60,1)) -> 24.7
A167: 7. SHIFO GʻORI (KASALXONA) — jarohatlangan boʻrilarni davolaydi
A168: Daraja | B168: Shifo sigʻimi (boʻri) | C168: Davolash vaqti (daqiqa) | D168: Narx: shox-shabba | E168: Narx: teri | F168: Narx: tosh | G168: Qurilish vaqti (soat)
A169: 1 | B169: =ROUND(hospital_cap_base+hospital_cap_growth*(A169-1),0) -> 2 | C169: =ROUND(heal_time_min/(1+heal_speed_growth*(A169-1)),0) -> 60 | D169: =IF(A169=1,0,ROUND(cost_hospital_wood*1*cost_growth^(A169-2)*IF(A169<=4,stage_early,IF(A169<=stage_mid_level,stage_mid,IF(A169<=stage_late_level,stage_normal,stage_late))),0)) -> 0 | E169: =IF(A169=1,0,ROUND(cost_hospital_hide*1*cost_growth^(A169-2)*IF(A169<=4,stage_early,IF(A169<=stage_mid_level,stage_mid,IF(A169<=stage_late_level,stage_normal,stage_late))),0)) -> 0 | F169: =IF(A169=1,0,ROUND(cost_hospital_stone*1*cost_growth^(A169-2)*IF(A169<=4,stage_early,IF(A169<=stage_mid_level,stage_mid,IF(A169<=stage_late_level,stage_normal,stage_late))),0)) -> 0 | G169: =IF(A169=1,0,ROUND(build_time_base_min*time_coef_hospital*time_growth^(A169-2)*IF(A169<=4,stage_early,IF(A169<=stage_mid_level,stage_mid,IF(A169<=stage_late_level,stage_normal,stage_late)))/60,1)) -> 0
A170: 2 | B170: =ROUND(hospital_cap_base+hospital_cap_growth*(A170-1),0) -> 2 | C170: =ROUND(heal_time_min/(1+heal_speed_growth*(A170-1)),0) -> 57 | D170: =IF(A170=1,0,ROUND(cost_hospital_wood*1*cost_growth^(A170-2)*IF(A170<=4,stage_early,IF(A170<=stage_mid_level,stage_mid,IF(A170<=stage_late_level,stage_normal,stage_late))),0)) -> 48 | E170: =IF(A170=1,0,ROUND(cost_hospital_hide*1*cost_growth^(A170-2)*IF(A170<=4,stage_early,IF(A170<=stage_mid_level,stage_mid,IF(A170<=stage_late_level,stage_normal,stage_late))),0)) -> 40 | F170: =IF(A170=1,0,ROUND(cost_hospital_stone*1*cost_growth^(A170-2)*IF(A170<=4,stage_early,IF(A170<=stage_mid_level,stage_mid,IF(A170<=stage_late_level,stage_normal,stage_late))),0)) -> 32 | G170: =IF(A170=1,0,ROUND(build_time_base_min*time_coef_hospital*time_growth^(A170-2)*IF(A170<=4,stage_early,IF(A170<=stage_mid_level,stage_mid,IF(A170<=stage_late_level,stage_normal,stage_late)))/60,1)) -> 0.1
A171: 3 | B171: =ROUND(hospital_cap_base+hospital_cap_growth*(A171-1),0) -> 3 | C171: =ROUND(heal_time_min/(1+heal_speed_growth*(A171-1)),0) -> 55 | D171: =IF(A171=1,0,ROUND(cost_hospital_wood*1*cost_growth^(A171-2)*IF(A171<=4,stage_early,IF(A171<=stage_mid_level,stage_mid,IF(A171<=stage_late_level,stage_normal,stage_late))),0)) -> 62 | E171: =IF(A171=1,0,ROUND(cost_hospital_hide*1*cost_growth^(A171-2)*IF(A171<=4,stage_early,IF(A171<=stage_mid_level,stage_mid,IF(A171<=stage_late_level,stage_normal,stage_late))),0)) -> 52 | F171: =IF(A171=1,0,ROUND(cost_hospital_stone*1*cost_growth^(A171-2)*IF(A171<=4,stage_early,IF(A171<=stage_mid_level,stage_mid,IF(A171<=stage_late_level,stage_normal,stage_late))),0)) -> 42 | G171: =IF(A171=1,0,ROUND(build_time_base_min*time_coef_hospital*time_growth^(A171-2)*IF(A171<=4,stage_early,IF(A171<=stage_mid_level,stage_mid,IF(A171<=stage_late_level,stage_normal,stage_late)))/60,1)) -> 0.1
A172: 4 | B172: =ROUND(hospital_cap_base+hospital_cap_growth*(A172-1),0) -> 3 | C172: =ROUND(heal_time_min/(1+heal_speed_growth*(A172-1)),0) -> 52 | D172: =IF(A172=1,0,ROUND(cost_hospital_wood*1*cost_growth^(A172-2)*IF(A172<=4,stage_early,IF(A172<=stage_mid_level,stage_mid,IF(A172<=stage_late_level,stage_normal,stage_late))),0)) -> 81 | E172: =IF(A172=1,0,ROUND(cost_hospital_hide*1*cost_growth^(A172-2)*IF(A172<=4,stage_early,IF(A172<=stage_mid_level,stage_mid,IF(A172<=stage_late_level,stage_normal,stage_late))),0)) -> 68 | F172: =IF(A172=1,0,ROUND(cost_hospital_stone*1*cost_growth^(A172-2)*IF(A172<=4,stage_early,IF(A172<=stage_mid_level,stage_mid,IF(A172<=stage_late_level,stage_normal,stage_late))),0)) -> 54 | G172: =IF(A172=1,0,ROUND(build_time_base_min*time_coef_hospital*time_growth^(A172-2)*IF(A172<=4,stage_early,IF(A172<=stage_mid_level,stage_mid,IF(A172<=stage_late_level,stage_normal,stage_late)))/60,1)) -> 0.1
A173: 5 | B173: =ROUND(hospital_cap_base+hospital_cap_growth*(A173-1),0) -> 4 | C173: =ROUND(heal_time_min/(1+heal_speed_growth*(A173-1)),0) -> 50 | D173: =IF(A173=1,0,ROUND(cost_hospital_wood*1*cost_growth^(A173-2)*IF(A173<=4,stage_early,IF(A173<=stage_mid_level,stage_mid,IF(A173<=stage_late_level,stage_normal,stage_late))),0)) -> 185 | E173: =IF(A173=1,0,ROUND(cost_hospital_hide*1*cost_growth^(A173-2)*IF(A173<=4,stage_early,IF(A173<=stage_mid_level,stage_mid,IF(A173<=stage_late_level,stage_normal,stage_late))),0)) -> 154 | F173: =IF(A173=1,0,ROUND(cost_hospital_stone*1*cost_growth^(A173-2)*IF(A173<=4,stage_early,IF(A173<=stage_mid_level,stage_mid,IF(A173<=stage_late_level,stage_normal,stage_late))),0)) -> 123 | G173: =IF(A173=1,0,ROUND(build_time_base_min*time_coef_hospital*time_growth^(A173-2)*IF(A173<=4,stage_early,IF(A173<=stage_mid_level,stage_mid,IF(A173<=stage_late_level,stage_normal,stage_late)))/60,1)) -> 0.2
A174: 6 | B174: =ROUND(hospital_cap_base+hospital_cap_growth*(A174-1),0) -> 4 | C174: =ROUND(heal_time_min/(1+heal_speed_growth*(A174-1)),0) -> 48 | D174: =IF(A174=1,0,ROUND(cost_hospital_wood*1*cost_growth^(A174-2)*IF(A174<=4,stage_early,IF(A174<=stage_mid_level,stage_mid,IF(A174<=stage_late_level,stage_normal,stage_late))),0)) -> 240 | E174: =IF(A174=1,0,ROUND(cost_hospital_hide*1*cost_growth^(A174-2)*IF(A174<=4,stage_early,IF(A174<=stage_mid_level,stage_mid,IF(A174<=stage_late_level,stage_normal,stage_late))),0)) -> 200 | F174: =IF(A174=1,0,ROUND(cost_hospital_stone*1*cost_growth^(A174-2)*IF(A174<=4,stage_early,IF(A174<=stage_mid_level,stage_mid,IF(A174<=stage_late_level,stage_normal,stage_late))),0)) -> 160 | G174: =IF(A174=1,0,ROUND(build_time_base_min*time_coef_hospital*time_growth^(A174-2)*IF(A174<=4,stage_early,IF(A174<=stage_mid_level,stage_mid,IF(A174<=stage_late_level,stage_normal,stage_late)))/60,1)) -> 0.3
...

Sheet Umumiy bogʻlanish
A3: Umumiy bogʻlanish — daraja, jang, oziq va binolar bir jadvalda
A4: Boshqa varaqlardan formulalar orqali yigʻiladi — Sozlamalar oʻzgarsa shu jadval ham oʻzgaradi.
A5: Daraja | B5: Boʻri nomi | C5: Toifa | D5: Jami XP | E5: Jangovar quvvat | F5: Toʻda hajmi | G5: Goʻsht (kg/kun) | H5: Ov soni (kun) | I5: Suv (kun) | J5: Oy nuri (kun) | K5: Kerakli Oziq gʻori | L5: Kunlik qurilish resursi | M5: Kerakli Ustaxona | N5: Kunlik ov (4 ov, kg) | O5: Bosqich | P5: Ochiladigan imkoniyat | Q5: Maks. tier | R5: 🔍 Razvedkachi | S5: ⚔️ Hujumchi | T5: 🛡 Himoyachi | U5: 🥩 Ovchi | V5: Kerakli rol binosi | W5: Toʻda jangovar quvvati | X5: 1-darajaga nisbatan
A6: 1 | B6: =Darajalar!B6 -> Honsyu boʻrisi | C6: =Darajalar!D6 -> Haqiqiy | D6: =Darajalar!J6 -> 0 | E6: =Darajalar!N6 -> 69 | F6: =Darajalar!O6 -> 1 | G6: =Oziqlanish!E6 -> 1 | H6: =Oziqlanish!J6 -> 2 | I6: =Oziqlanish!F6 -> 0 | J6: =Oziqlanish!G6 -> 0 | K6: =Oziqlanish!L6 -> 1 | L6: =ROUND((INDEX(Binolar!$F$7:$F$31,MIN(25,K6+1))+INDEX(Binolar!$G$7:$G$31,MIN(25,K6+1)))/build_plan_days,0) -> 9 | M6: =COUNTIF(Binolar!$C$34:$C$58,"<"&L6)+1 -> 1 | N6: =ROUND(4*'Askar iqtisodi'!F24*hunter_yield_mult*Oziqlanish!C6*hunt_duration_min/60,0) -> 12 | O6: =IF(C6="Haqiqiy","Asosiy oʻyin",IF(C6="Qadimgi","Qadimgi bosqich","Afsona bosqichi")) -> Asosiy oʻyin | P6: Yolgʻiz ov (alfa): kemiruvchi va qush; In | Q6: ='Askar iqtisodi'!G24 -> 1 | R6: ='Askar iqtisodi'!C24 -> 0 | S6: ='Askar iqtisodi'!D24 -> 0 | T6: ='Askar iqtisodi'!E24 -> 0 | U6: ='Askar iqtisodi'!F24 -> 1 | V6: =IF(Q6<=1,1,Q6*tier_step_building) -> 1 | W6: =ROUND((R6*(Rollar!$E$7*cp_w_power+Rollar!$F$7*cp_w_speed+Rollar!$G$7*cp_w_hp)+S6*(Rollar!$E$8*cp_w_power+Rollar!$F$8*cp_w_speed+Rollar!$G$8*cp_w_hp)+T6*(Rollar!$E$9*cp_w_power+Rollar!$F$9*cp_w_speed+Rollar!$G$9*cp_w_hp)+U6*(Rollar!$E$10*cp_w_power+Rollar!$F$10*cp_w_speed+Rollar!$G$10*cp_w_hp))*tier_coef^(Q6-1)*(1+alpha_bonus*A6),0) -> 63 | X6: =ROUND(W6/$W$6,1) -> 1
A7: 2 | B7: =Darajalar!B7 -> Efiopiya boʻrisi | C7: =Darajalar!D7 -> Haqiqiy | D7: =Darajalar!J7 -> 30 | E7: =Darajalar!N7 -> 81 | F7: =Darajalar!O7 -> 1 | G7: =Oziqlanish!E7 -> 1 | H7: =Oziqlanish!J7 -> 1 | I7: =Oziqlanish!F7 -> 0 | J7: =Oziqlanish!G7 -> 0 | K7: =Oziqlanish!L7 -> 1 | L7: =ROUND((INDEX(Binolar!$F$7:$F$31,MIN(25,K7+1))+INDEX(Binolar!$G$7:$G$31,MIN(25,K7+1)))/build_plan_days,0) -> 9 | M7: =COUNTIF(Binolar!$C$34:$C$58,"<"&L7)+1 -> 1 | N7: =ROUND(4*'Askar iqtisodi'!F25*hunter_yield_mult*Oziqlanish!C7*hunt_duration_min/60,0) -> 14 | O7: =IF(C7="Haqiqiy","Asosiy oʻyin",IF(C7="Qadimgi","Qadimgi bosqich","Afsona bosqichi")) -> Asosiy oʻyin | P7: Oziq gʻori va Ustaxona qoyasi | Q7: ='Askar iqtisodi'!G25 -> 1 | R7: ='Askar iqtisodi'!C25 -> 0 | S7: ='Askar iqtisodi'!D25 -> 0 | T7: ='Askar iqtisodi'!E25 -> 0 | U7: ='Askar iqtisodi'!F25 -> 1 | V7: =IF(Q7<=1,1,Q7*tier_step_building) -> 1 | W7: =ROUND((R7*(Rollar!$E$7*cp_w_power+Rollar!$F$7*cp_w_speed+Rollar!$G$7*cp_w_hp)+S7*(Rollar!$E$8*cp_w_power+Rollar!$F$8*cp_w_speed+Rollar!$G$8*cp_w_hp)+T7*(Rollar!$E$9*cp_w_power+Rollar!$F$9*cp_w_speed+Rollar!$G$9*cp_w_hp)+U7*(Rollar!$E$10*cp_w_power+Rollar!$F$10*cp_w_speed+Rollar!$G$10*cp_w_hp))*tier_coef^(Q7-1)*(1+alpha_bonus*A7),0) -> 65 | X7: =ROUND(W7/$W$6,1) -> 1
A8: 3 | B8: =Darajalar!B8 -> Arab boʻrisi | C8: =Darajalar!D8 -> Haqiqiy | D8: =Darajalar!J8 -> 70 | E8: =Darajalar!N8 -> 97 | F8: =Darajalar!O8 -> 1 | G8: =Oziqlanish!E8 -> 1 | H8: =Oziqlanish!J8 -> 1 | I8: =Oziqlanish!F8 -> 0 | J8: =Oziqlanish!G8 -> 0 | K8: =Oziqlanish!L8 -> 1 | L8: =ROUND((INDEX(Binolar!$F$7:$F$31,MIN(25,K8+1))+INDEX(Binolar!$G$7:$G$31,MIN(25,K8+1)))/build_plan_days,0) -> 9 | M8: =COUNTIF(Binolar!$C$34:$C$58,"<"&L8)+1 -> 1 | N8: =ROUND(4*'Askar iqtisodi'!F26*hunter_yield_mult*Oziqlanish!C8*hunt_duration_min/60,0) -> 16 | O8: =IF(C8="Haqiqiy","Asosiy oʻyin",IF(C8="Qadimgi","Qadimgi bosqich","Afsona bosqichi")) -> Asosiy oʻyin | P8: Ov soʻqmogʻi, birinchi ovchi, quyon ovi | Q8: ='Askar iqtisodi'!G26 -> 1 | R8: ='Askar iqtisodi'!C26 -> 0 | S8: ='Askar iqtisodi'!D26 -> 0 | T8: ='Askar iqtisodi'!E26 -> 0 | U8: ='Askar iqtisodi'!F26 -> 1 | V8: =IF(Q8<=1,1,Q8*tier_step_building) -> 1 | W8: =ROUND((R8*(Rollar!$E$7*cp_w_power+Rollar!$F$7*cp_w_speed+Rollar!$G$7*cp_w_hp)+S8*(Rollar!$E$8*cp_w_power+Rollar!$F$8*cp_w_speed+Rollar!$G$8*cp_w_hp)+T8*(Rollar!$E$9*cp_w_power+Rollar!$F$9*cp_w_speed+Rollar!$G$9*cp_w_hp)+U8*(Rollar!$E$10*cp_w_power+Rollar!$F$10*cp_w_speed+Rollar!$G$10*cp_w_hp))*tier_coef^(Q8-1)*(1+alpha_bonus*A8),0) -> 66 | X8: =ROUND(W8/$W$6,1) -> 1
A9: 4 | B9: =Darajalar!B9 -> Hind boʻrisi | C9: =Darajalar!D9 -> Haqiqiy | D9: =Darajalar!J9 -> 130 | E9: =Darajalar!N9 -> 114 | F9: =Darajalar!O9 -> 10 | G9: =Oziqlanish!E9 -> 9 | H9: =Oziqlanish!J9 -> 2 | I9: =Oziqlanish!F9 -> 5 | J9: =Oziqlanish!G9 -> 0 | K9: =Oziqlanish!L9 -> 1 | L9: =ROUND((INDEX(Binolar!$F$7:$F$31,MIN(25,K9+1))+INDEX(Binolar!$G$7:$G$31,MIN(25,K9+1)))/build_plan_days,0) -> 9 | M9: =COUNTIF(Binolar!$C$34:$C$58,"<"&L9)+1 -> 1 | N9: =ROUND(4*'Askar iqtisodi'!F27*hunter_yield_mult*Oziqlanish!C9*hunt_duration_min/60,0) -> 36 | O9: =IF(C9="Haqiqiy","Asosiy oʻyin",IF(C9="Qadimgi","Qadimgi bosqich","Afsona bosqichi")) -> Asosiy oʻyin | P9: 🔓 TOʻDA: qoʻshin 10 askar · Jang maydoni, Razvedka qoyasi, Himoya devori · yovvoyi toʻdalarga (bot) hujum · ov guruhi · klan va lager (v2) | Q9: ='Askar iqtisodi'!G27 -> 1 | R9: ='Askar iqtisodi'!C27 -> 2 | S9: ='Askar iqtisodi'!D27 -> 4 | T9: ='Askar iqtisodi'!E27 -> 2 | U9: ='Askar iqtisodi'!F27 -> 2 | V9: =IF(Q9<=1,1,Q9*tier_step_building) -> 1 | W9: =ROUND((R9*(Rollar!$E$7*cp_w_power+Rollar!$F$7*cp_w_speed+Rollar!$G$7*cp_w_hp)+S9*(Rollar!$E$8*cp_w_power+Rollar!$F$8*cp_w_speed+Rollar!$G$8*cp_w_hp)+T9*(Rollar!$E$9*cp_w_power+Rollar!$F$9*cp_w_speed+Rollar!$G$9*cp_w_hp)+U9*(Rollar!$E$10*cp_w_power+Rollar!$F$10*cp_w_speed+Rollar!$G$10*cp_w_hp))*tier_coef^(Q9-1)*(1+alpha_bonus*A9),0) -> 822 | X9: =ROUND(W9/$W$6,1) -> 13
A10: 5 | B10: =Darajalar!B10 -> Qizil boʻri | C10: =Darajalar!D10 -> Haqiqiy | D10: =Darajalar!J10 -> 280 | E10: =Darajalar!N10 -> 135 | F10: =Darajalar!O10 -> 12 | G10: =Oziqlanish!E10 -> 12 | H10: =Oziqlanish!J10 -> 1 | I10: =Oziqlanish!F10 -> 7 | J10: =Oziqlanish!G10 -> 0 | K10: =Oziqlanish!L10 -> 1 | L10: =ROUND((INDEX(Binolar!$F$7:$F$31,MIN(25,K10+1))+INDEX(Binolar!$G$7:$G$31,MIN(25,K10+1)))/build_plan_days,0) -> 9 | M10: =COUNTIF(Binolar!$C$34:$C$58,"<"&L10)+1 -> 1 | N10: =ROUND(4*'Askar iqtisodi'!F28*hunter_yield_mult*Oziqlanish!C10*hunt_duration_min/60,0) -> 40 | O10: =IF(C10="Haqiqiy","Asosiy oʻyin",IF(C10="Qadimgi","Qadimgi bosqich","Afsona bosqichi")) -> Asosiy oʻyin | P10: Yirik oʻlja — jayron (kamida 2 boʻri) | Q10: ='Askar iqtisodi'!G28 -> 1 | R10: ='Askar iqtisodi'!C28 -> 2 | S10: ='Askar iqtisodi'!D28 -> 6 | T10: ='Askar iqtisodi'!E28 -> 2 | U10: ='Askar iqtisodi'!F28 -> 2 | V10: =IF(Q10<=1,1,Q10*tier_step_building) -> 1 | W10: =ROUND((R10*(Rollar!$E$7*cp_w_power+Rollar!$F$7*cp_w_speed+Rollar!$G$7*cp_w_hp)+S10*(Rollar!$E$8*cp_w_power+Rollar!$F$8*cp_w_speed+Rollar!$G$8*cp_w_hp)+T10*(Rollar!$E$9*cp_w_power+Rollar!$F$9*cp_w_speed+Rollar!$G$9*cp_w_hp)+U10*(Rollar!$E$10*cp_w_power+Rollar!$F$10*cp_w_speed+Rollar!$G$10*cp_w_hp))*tier_coef^(Q10-1)*(1+alpha_bonus*A10),0) -> 1029 | X10: =ROUND(W10/$W$6,1) -> 16.3
A11: 6 | B11: =Darajalar!B11 -> Italyan boʻrisi | C11: =Darajalar!D11 -> Haqiqiy | D11: =Darajalar!J11 -> 480 | E11: =Darajalar!N11 -> 159 | F11: =Darajalar!O11 -> 14 | G11: =Oziqlanish!E11 -> 15 | H11: =Oziqlanish!J11 -> 1 | I11: =Oziqlanish!F11 -> 8 | J11: =Oziqlanish!G11 -> 0 | K11: =Oziqlanish!L11 -> 2 | L11: =ROUND((INDEX(Binolar!$F$7:$F$31,MIN(25,K11+1))+INDEX(Binolar!$G$7:$G$31,MIN(25,K11+1)))/build_plan_days,0) -> 12 | M11: =COUNTIF(Binolar!$C$34:$C$58,"<"&L11)+1 -> 1 | N11: =ROUND(4*'Askar iqtisodi'!F29*hunter_yield_mult*Oziqlanish!C11*hunt_duration_min/60,0) -> 44 | O11: =IF(C11="Haqiqiy","Asosiy oʻyin",IF(C11="Qadimgi","Qadimgi bosqich","Afsona bosqichi")) -> Asosiy oʻyin | P11: 🏥 Shifo gʻori · suv oazisi (v2) | Q11: ='Askar iqtisodi'!G29 -> 1 | R11: ='Askar iqtisodi'!C29 -> 3 | S11: ='Askar iqtisodi'!D29 -> 6 | T11: ='Askar iqtisodi'!E29 -> 3 | U11: ='Askar iqtisodi'!F29 -> 2 | V11: =IF(Q11<=1,1,Q11*tier_step_building) -> 1 | W11: =ROUND((R11*(Rollar!$E$7*cp_w_power+Rollar!$F$7*cp_w_speed+Rollar!$G$7*cp_w_hp)+S11*(Rollar!$E$8*cp_w_power+Rollar!$F$8*cp_w_speed+Rollar!$G$8*cp_w_hp)+T11*(Rollar!$E$9*cp_w_power+Rollar!$F$9*cp_w_speed+Rollar!$G$9*cp_w_hp)+U11*(Rollar!$E$10*cp_w_power+Rollar!$F$10*cp_w_speed+Rollar!$G$10*cp_w_hp))*tier_coef^(Q11-1)*(1+alpha_bonus*A11),0) -> 1227 | X11: =ROUND(W11/$W$6,1) -> 19.5
A12: 7 | B12: =Darajalar!B12 -> Meksika boʻrisi | C12: =Darajalar!D12 -> Haqiqiy | D12: =Darajalar!J12 -> 760 | E12: =Darajalar!N12 -> 188 | F12: =Darajalar!O12 -> 17 | G12: =Oziqlanish!E12 -> 20 | H12: =Oziqlanish!J12 -> 1 | I12: =Oziqlanish!F12 -> 11 | J12: =Oziqlanish!G12 -> 0 | K12: =Oziqlanish!L12 -> 4 | L12: =ROUND((INDEX(Binolar!$F$7:$F$31,MIN(25,K12+1))+INDEX(Binolar!$G$7:$G$31,MIN(25,K12+1)))/build_plan_days,0) -> 35 | M12: =COUNTIF(Binolar!$C$34:$C$58,"<"&L12)+1 -> 1 | N12: =ROUND(4*'Askar iqtisodi'!F30*hunter_yield_mult*Oziqlanish!C12*hunt_duration_min/60,0) -> 72 | O12: =IF(C12="Haqiqiy","Asosiy oʻyin",IF(C12="Qadimgi","Qadimgi bosqich","Afsona bosqichi")) -> Asosiy oʻyin | P12: 🔓 Haqiqiy oʻyinchilarga hujum (qalqon tugaydi) · reyting va liga (v2) | Q12: ='Askar iqtisodi'!G30 -> 1 | R12: ='Askar iqtisodi'!C30 -> 3 | S12: ='Askar iqtisodi'!D30 -> 8 | T12: ='Askar iqtisodi'!E30 -> 3 | U12: ='Askar iqtisodi'!F30 -> 3 | V12: =IF(Q12<=1,1,Q12*tier_step_building) -> 1 | W12: =ROUND((R12*(Rollar!$E$7*cp_w_power+Rollar!$F$7*cp_w_speed+Rollar!$G$7*cp_w_hp)+S12*(Rollar!$E$8*cp_w_power+Rollar!$F$8*cp_w_speed+Rollar!$G$8*cp_w_hp)+T12*(Rollar!$E$9*cp_w_power+Rollar!$F$9*cp_w_speed+Rollar!$G$9*cp_w_hp)+U12*(Rollar!$E$10*cp_w_power+Rollar!$F$10*cp_w_speed+Rollar!$G$10*cp_w_hp))*tier_coef^(Q12-1)*(1+alpha_bonus*A12),0) -> 1527 | X12: =ROUND(W12/$W$6,1) -> 24.2
A13: 8 | B13: =Darajalar!B13 -> Sharqiy boʻri | C13: =Darajalar!D13 -> Haqiqiy | D13: =Darajalar!J13 -> 1150 | E13: =Darajalar!N13 -> 223 | F13: =Darajalar!O13 -> 21 | G13: =Oziqlanish!E13 -> 27 | H13: =Oziqlanish!J13 -> 1 | I13: =Oziqlanish!F13 -> 14 | J13: =Oziqlanish!G13 -> 0 | K13: =Oziqlanish!L13 -> 5 | L13: =ROUND((INDEX(Binolar!$F$7:$F$31,MIN(25,K13+1))+INDEX(Binolar!$G$7:$G$31,MIN(25,K13+1)))/build_plan_days,0) -> 46 | M13: =COUNTIF(Binolar!$C$34:$C$58,"<"&L13)+1 -> 1 | N13: =ROUND(4*'Askar iqtisodi'!F31*hunter_yield_mult*Oziqlanish!C13*hunt_duration_min/60,0) -> 78 | O13: =IF(C13="Haqiqiy","Asosiy oʻyin",IF(C13="Qadimgi","Qadimgi bosqich","Afsona bosqichi")) -> Asosiy oʻyin | P13: Toʻda urushi (v2) · oʻt oazisi (v2) | Q13: ='Askar iqtisodi'!G31 -> 2 | R13: ='Askar iqtisodi'!C31 -> 4 | S13: ='Askar iqtisodi'!D31 -> 10 | T13: ='Askar iqtisodi'!E31 -> 4 | U13: ='Askar iqtisodi'!F31 -> 3 | V13: =IF(Q13<=1,1,Q13*tier_step_building) -> 8 | W13: =ROUND((R13*(Rollar!$E$7*cp_w_power+Rollar!$F$7*cp_w_speed+Rollar!$G$7*cp_w_hp)+S13*(Rollar!$E$8*cp_w_power+Rollar!$F$8*cp_w_speed+Rollar!$G$8*cp_w_hp)+T13*(Rollar!$E$9*cp_w_power+Rollar!$F$9*cp_w_speed+Rollar!$G$9*cp_w_hp)+U13*(Rollar!$E$10*cp_w_power+Rollar!$F$10*cp_w_speed+Rollar!$G$10*cp_w_hp))*tier_coef^(Q13-1)*(1+alpha_bonus*A13),0) -> 2819 | X13: =ROUND(W13/$W$6,1) -> 44.7
A14: 9 | B14: =Darajalar!B14 -> Iberiya boʻrisi | C14: =Darajalar!D14 -> Haqiqiy | D14: =Darajalar!J14 -> 1680 | E14: =Darajalar!N14 -> 264 | F14: =Darajalar!O14 -> 25 | G14: =Oziqlanish!E14 -> 35 | H14: =Oziqlanish!J14 -> 1 | I14: =Oziqlanish!F14 -> 18 | J14: =Oziqlanish!G14 -> 0 | K14: =Oziqlanish!L14 -> 6 | L14: =ROUND((INDEX(Binolar!$F$7:$F$31,MIN(25,K14+1))+INDEX(Binolar!$G$7:$G$31,MIN(25,K14+1)))/build_plan_days,0) -> 59 | M14: =COUNTIF(Binolar!$C$34:$C$58,"<"&L14)+1 -> 1 | N14: =ROUND(4*'Askar iqtisodi'!F32*hunter_yield_mult*Oziqlanish!C14*hunt_duration_min/60,0) -> 112 | O14: =IF(C14="Haqiqiy","Asosiy oʻyin",IF(C14="Qadimgi","Qadimgi bosqich","Afsona bosqichi")) -> Asosiy oʻyin | P14: 🛒 Bozor · toʻda lavozimlari (v2) | Q14: ='Askar iqtisodi'!G32 -> 2 | R14: ='Askar iqtisodi'!C32 -> 5 | S14: ='Askar iqtisodi'!D32 -> 11 | T14: ='Askar iqtisodi'!E32 -> 5 | U14: ='Askar iqtisodi'!F32 -> 4 | V14: =IF(Q14<=1,1,Q14*tier_step_building) -> 8 | W14: =ROUND((R14*(Rollar!$E$7*cp_w_power+Rollar!$F$7*cp_w_speed+Rollar!$G$7*cp_w_hp)+S14*(Rollar!$E$8*cp_w_power+Rollar!$F$8*cp_w_speed+Rollar!$G$8*cp_w_hp)+T14*(Rollar!$E$9*cp_w_power+Rollar!$F$9*cp_w_speed+Rollar!$G$9*cp_w_hp)+U14*(Rollar!$E$10*cp_w_power+Rollar!$F$10*cp_w_speed+Rollar!$G$10*cp_w_hp))*tier_coef^(Q14-1)*(1+alpha_bonus*A14),0) -> 3415 | X14: =ROUND(W14/$W$6,1) -> 54.2
A15: 10 | B15: =Darajalar!B15 -> Dasht boʻrisi | C15: =Darajalar!D15 -> Haqiqiy | D15: =Darajalar!J15 -> 2420 | E15: =Darajalar!N15 -> 315 | F15: =Darajalar!O15 -> 30 | G15: =Oziqlanish!E15 -> 45 | H15: =Oziqlanish!J15 -> 1 | I15: =Oziqlanish!F15 -> 23 | J15: =Oziqlanish!G15 -> 0 | K15: =Oziqlanish!L15 -> 8 | L15: =ROUND((INDEX(Binolar!$F$7:$F$31,MIN(25,K15+1))+INDEX(Binolar!$G$7:$G$31,MIN(25,K15+1)))/build_plan_days,0) -> 100 | M15: =COUNTIF(Binolar!$C$34:$C$58,"<"&L15)+1 -> 1 | N15: =ROUND(4*'Askar iqtisodi'!F33*hunter_yield_mult*Oziqlanish!C15*hunt_duration_min/60,0) -> 150 | O15: =IF(C15="Haqiqiy","Asosiy oʻyin",IF(C15="Qadimgi","Qadimgi bosqich","Afsona bosqichi")) -> Asosiy oʻyin | P15: Ikkinchi qurilish navbati — hammaga bepul | Q15: ='Askar iqtisodi'!G33 -> 2 | R15: ='Askar iqtisodi'!C33 -> 6 | S15: ='Askar iqtisodi'!D33 -> 13 | T15: ='Askar iqtisodi'!E33 -> 6 | U15: ='Askar iqtisodi'!F33 -> 5 | V15: =IF(Q15<=1,1,Q15*tier_step_building) -> 8 | W15: =ROUND((R15*(Rollar!$E$7*cp_w_power+Rollar!$F$7*cp_w_speed+Rollar!$G$7*cp_w_hp)+S15*(Rollar!$E$8*cp_w_power+Rollar!$F$8*cp_w_speed+Rollar!$G$8*cp_w_hp)+T15*(Rollar!$E$9*cp_w_power+Rollar!$F$9*cp_w_speed+Rollar!$G$9*cp_w_hp)+U15*(Rollar!$E$10*cp_w_power+Rollar!$F$10*cp_w_speed+Rollar!$G$10*cp_w_hp))*tier_coef^(Q15-1)*(1+alpha_bonus*A15),0) -> 4188 | X15: =ROUND(W15/$W$6,1) -> 66.5
A16: 11 | B16: =Darajalar!B16 -> Himolay boʻrisi | C16: =Darajalar!D16 -> Haqiqiy | D16: =Darajalar!J16 -> 3870 | E16: =Darajalar!N16 -> 372 | F16: =Darajalar!O16 -> 36 | G16: =Oziqlanish!E16 -> 58 | H16: =Oziqlanish!J16 -> 1 | I16: =Oziqlanish!F16 -> 29 | J16: =Oziqlanish!G16 -> 0 | K16: =Oziqlanish!L16 -> 9 | L16: =ROUND((INDEX(Binolar!$F$7:$F$31,MIN(25,K16+1))+INDEX(Binolar!$G$7:$G$31,MIN(25,K16+1)))/build_plan_days,0) -> 131 | M16: =COUNTIF(Binolar!$C$34:$C$58,"<"&L16)+1 -> 1 | N16: =ROUND(4*'Askar iqtisodi'!F34*hunter_yield_mult*Oziqlanish!C16*hunt_duration_min/60,0) -> 160 | O16: =IF(C16="Haqiqiy","Asosiy oʻyin",IF(C16="Qadimgi","Qadimgi bosqich","Afsona bosqichi")) -> Asosiy oʻyin | P16: Co-op boss: togʻ ayigʻi (v3) | Q16: ='Askar iqtisodi'!G34 -> 2 | R16: ='Askar iqtisodi'!C34 -> 7 | S16: ='Askar iqtisodi'!D34 -> 17 | T16: ='Askar iqtisodi'!E34 -> 7 | U16: ='Askar iqtisodi'!F34 -> 5 | V16: =IF(Q16<=1,1,Q16*tier_step_building) -> 8 | W16: =ROUND((R16*(Rollar!$E$7*cp_w_power+Rollar!$F$7*cp_w_speed+Rollar!$G$7*cp_w_hp)+S16*(Rollar!$E$8*cp_w_power+Rollar!$F$8*cp_w_speed+Rollar!$G$8*cp_w_hp)+T16*(Rollar!$E$9*cp_w_power+Rollar!$F$9*cp_w_speed+Rollar!$G$9*cp_w_hp)+U16*(Rollar!$E$10*cp_w_power+Rollar!$F$10*cp_w_speed+Rollar!$G$10*cp_w_hp))*tier_coef^(Q16-1)*(1+alpha_bonus*A16),0) -> 5185 | X16: =ROUND(W16/$W$6,1) -> 82.3
A17: 12 | B17: =Darajalar!B17 -> Ezo boʻrisi | C17: =Darajalar!D17 -> Haqiqiy | D17: =Darajalar!J17 -> 5870 | E17: =Darajalar!N17 -> 440 | F17: =Darajalar!O17 -> 43 | G17: =Oziqlanish!E17 -> 73 | H17: =Oziqlanish!J17 -> 1 | I17: =Oziqlanish!F17 -> 36 | J17: =Oziqlanish!G17 -> 0 | K17: =Oziqlanish!L17 -> 10 | L17: =ROUND((INDEX(Binolar!$F$7:$F$31,MIN(25,K17+1))+INDEX(Binolar!$G$7:$G$31,MIN(25,K17+1)))/build_plan_days,0) -> 242 | M17: =COUNTIF(Binolar!$C$34:$C$58,"<"&L17)+1 -> 1 | N17: =ROUND(4*'Askar iqtisodi'!F35*hunter_yield_mult*Oziqlanish!C17*hunt_duration_min/60,0) -> 204 | O17: =IF(C17="Haqiqiy","Asosiy oʻyin",IF(C17="Qadimgi","Qadimgi bosqich","Afsona bosqichi")) -> Asosiy oʻyin | P17: Toʻda xazinasi (v2) · tosh koni (v2) | Q17: ='Askar iqtisodi'!G35 -> 3 | R17: ='Askar iqtisodi'!C35 -> 9 | S17: ='Askar iqtisodi'!D35 -> 19 | T17: ='Askar iqtisodi'!E35 -> 9 | U17: ='Askar iqtisodi'!F35 -> 6 | V17: =IF(Q17<=1,1,Q17*tier_step_building) -> 12 | W17: =ROUND((R17*(Rollar!$E$7*cp_w_power+Rollar!$F$7*cp_w_speed+Rollar!$G$7*cp_w_hp)+S17*(Rollar!$E$8*cp_w_power+Rollar!$F$8*cp_w_speed+Rollar!$G$8*cp_w_hp)+T17*(Rollar!$E$9*cp_w_power+Rollar!$F$9*cp_w_speed+Rollar!$G$9*cp_w_hp)+U17*(Rollar!$E$10*cp_w_power+Rollar!$F$10*cp_w_speed+Rollar!$G$10*cp_w_hp))*tier_coef^(Q17-1)*(1+alpha_bonus*A17),0) -> 9152 | X17: =ROUND(W17/$W$6,1) -> 145.3
... A30: 25 | B30: =Darajalar!B30 -> Koʻk Boʻri | C30: =Darajalar!D30 -> Mifologik | D30: =Darajalar!J30 -> 592680 | E30: =Darajalar!N30 -> 10269 | F30: =Darajalar!O30 -> 460 | G30: =Oziqlanish!E30 -> 1380 | H30: =Oziqlanish!J30 -> 4 | I30: =Oziqlanish!F30 -> 626 | J30: =Oziqlanish!G30 -> 92 | K30: =Oziqlanish!L30 -> 25 | L30: =ROUND((INDEX(Binolar!$F$7:$F$31,MIN(25,K30+1))+INDEX(Binolar!$G$7:$G$31,MIN(25,K30+1)))/build_plan_days,0) -> 11930 | M30: =COUNTIF(Binolar!$C$34:$C$58,"<"&L30)+1 -> 18 | N30: =ROUND(4*'Askar iqtisodi'!F48*hunter_yield_mult*Oziqlanish!C30*hunt_duration_min/60,0) -> 4140 | O30: =IF(C30="Haqiqiy","Asosiy oʻyin",IF(C30="Qadimgi","Qadimgi bosqich","Afsona bosqichi")) -> Afsona bosqichi | P30: Koʻk Boʻri unvoni · klanga +10% ishlab chiqarish (kuch emas) | Q30: ='Askar iqtisodi'!G48 -> 6 | R30: ='Askar iqtisodi'!C48 -> 92 | S30: ='Askar iqtisodi'!D48 -> 207 | T30: ='Askar iqtisodi'!E48 -> 92 | U30: ='Askar iqtisodi'!F48 -> 69 | V30: =IF(Q30<=1,1,Q30*tier_step_building) -> 24 | W30: =ROUND((R30*(Rollar!$E$7*cp_w_power+Rollar!$F$7*cp_w_speed+Rollar!$G$7*cp_w_hp)+S30*(Rollar!$E$8*cp_w_power+Rollar!$F$8*cp_w_speed+Rollar!$G$8*cp_w_hp)+T30*(Rollar!$E$9*cp_w_power+Rollar!$F$9*cp_w_speed+Rollar!$G$9*cp_w_hp)+U30*(Rollar!$E$10*cp_w_power+Rollar!$F$10*cp_w_speed+Rollar!$G$10*cp_w_hp))*tier_coef^(Q30-1)*(1+alpha_bonus*A30),0) -> 383763 | X30: =ROUND(W30/$W$6,1) -> 6091.5
A31: «Kunlik qurilish resursi» = Oziq gʻorini keyingi darajaga koʻtarish narxi (Binolar varagʻidan, bosqich koeffitsienti bilan) ÷ kuchaytirish rejasi (kun). «Kerakli Ustaxona» — shu miqdorni bir kunda ishlab chiqara oladigan eng kichik daraja. «Toʻda jangovar quvvati» — barcha askarlar maksimal tierda boʻlgandagi yuqori chegara.
A32: 1–3 daraja — yolgʻiz bosqich (toʻda hajmi 1). 4-darajada toʻda, klan, PvP va toʻda janglari birdaniga ochiladi — oʻyinning ijtimoiy yadrosi shu yerdan boshlanadi.
A33: Oxirgi 5 ustun — toʻda slotlarining rollarga tavsiya etilgan taqsimoti. Oʻyinchi buni xohlaganicha oʻzgartiradi; jadval faqat boshlangʻich nuqta beradi.
A34: Asosiy trade-off: bitta toʻda ham ov qiladi, ham resurs yigʻadi, ham jangga chiqadi. Oʻyinchi har kuni shu taqsimotni tanlaydi.

Sheet Rollar
A3: Askar rollari va tierlar — 4 rol × 6 tier
A4: Toʻda slotlari shu 4 rol orasida taqsimlanadi. Askarlar alohida daraja olmaydi — tier boʻyicha guruh holida kuchayadi.
A5: 1. ROLLAR BAZASI (1-tier, alfa bonusisiz)
A6: Rol | B6: Vazifasi | C6: Mashq binosi | D6: Asosiy stat | E6: Kuch | F6: Tezlik | G6: Chidam | H6: Ish unumi | I6: Ochilish darajasi
A7: 🔍 Razvedkachi | B7: Raqib toʻdasini koʻrish, tuzoq topish | C7: Razvedka qoyasi | D7: Tezlik | E7: 8 | F7: 22 | G7: 30 | H7: 0 | I7: =pack_unlock_level -> 4
A8: ⚔️ Hujumchi | B8: Reyd va toʻda janglari | C8: Jang maydoni | D8: Kuch | E8: 20 | F8: 12 | G8: 45 | H8: 0 | I8: =pack_unlock_level -> 4
A9: 🛡 Himoyachi | B9: In va omborni qoʻriqlash | C9: Himoya devori | D9: Chidam | E9: 12 | F9: 8 | G9: 90 | H9: 0 | I9: =pack_unlock_level -> 4
A10: 🥩 Ovchi | B10: Ov: goʻsht va shifobaxsh oʻt | C10: Ov soʻqmogʻi | D10: Ish unumi | E10: 10 | F10: 14 | G10: 40 | H10: 5 × kunlik ehtiyoj kg/soat | I10: =hunter_unlock_level -> 3
A11: 2. TIER TIZIMI
A12: Tier | B12: Nomi | C12: Kerakli alfa darajasi | D12: Kerakli rol binosi | E12: Stat koeffitsienti | F12: Yangi askar: goʻsht | G12: Yangi askar: suyak | H12: Yangi askar: vaqt (daq)
A13: 1 | B13: Yosh | C13: 1 | D13: 1 | E13: =tier_coef^(A13-1) -> 1 | F13: =ROUND(train_meat_base*E13*'Askar iqtisodi'!D8,0) -> 20 | G13: =ROUND(train_bone_base*E13*'Askar iqtisodi'!D8,0) -> 8 | H13: =ROUND(train_time_min*'Askar iqtisodi'!D8,1) -> 4
A14: 2 | B14: Tajribali | C14: =tier_step_level*A14 -> 8 | D14: =tier_step_building*A14 -> 8 | E14: =tier_coef^(A14-1) -> 1.45 | F14: =ROUND(train_meat_base*E14*'Askar iqtisodi'!D9,0) -> 42 | G14: =ROUND(train_bone_base*E14*'Askar iqtisodi'!D9,0) -> 17 | H14: =ROUND(train_time_min*'Askar iqtisodi'!D9,1) -> 5.8
A15: 3 | B15: Urushchi | C15: =tier_step_level*A15 -> 12 | D15: =tier_step_building*A15 -> 12 | E15: =tier_coef^(A15-1) -> 2.1025 | F15: =ROUND(train_meat_base*E15*'Askar iqtisodi'!D10,0) -> 89 | G15: =ROUND(train_bone_base*E15*'Askar iqtisodi'!D10,0) -> 35 | H15: =ROUND(train_time_min*'Askar iqtisodi'!D10,1) -> 8.4
A16: 4 | B16: Veteran | C16: =tier_step_level*A16 -> 16 | D16: =tier_step_building*A16 -> 16 | E16: =tier_coef^(A16-1) -> 3.048625 | F16: =ROUND(train_meat_base*E16*'Askar iqtisodi'!D11,0) -> 187 | G16: =ROUND(train_bone_base*E16*'Askar iqtisodi'!D11,0) -> 75 | H16: =ROUND(train_time_min*'Askar iqtisodi'!D11,1) -> 12.2
A17: 5 | B17: Elita | C17: =tier_step_level*A17 -> 20 | D17: =tier_step_building*A17 -> 20 | E17: =tier_coef^(A17-1) -> 4.4205062 | F17: =ROUND(train_meat_base*E17*'Askar iqtisodi'!D12,0) -> 393 | G17: =ROUND(train_bone_base*E17*'Askar iqtisodi'!D12,0) -> 157 | H17: =ROUND(train_time_min*'Askar iqtisodi'!D12,1) -> 17.8
A18: 6 | B18: Afsonaviy | C18: =tier_step_level*A18 -> 24 | D18: =tier_step_building*A18 -> 24 | E18: =tier_coef^(A18-1) -> 6.4097341 | F18: =ROUND(train_meat_base*E18*'Askar iqtisodi'!D13,0) -> 824 | G18: =ROUND(train_bone_base*E18*'Askar iqtisodi'!D13,0) -> 330 | H18: =ROUND(train_time_min*'Askar iqtisodi'!D13,1) -> 25.7
A19: 3. BITTA ASKARNING JANGOVAR QUVVATI (CP) — namuna alfa darajasida
A20: Formula: (Kuch×2 + Tezlik×1.5 + Chidam×0.5) × tier koeffitsienti × (1 + alfa bonusi × alfa darajasi)
A21: Tier | B21: Nomi | C21: 🔍 Razvedkachi | D21: ⚔️ Hujumchi | E21: 🛡 Himoyachi | F21: 🥩 Ovchi
A22: 1 | B22: Yosh | C22: =ROUND(($E$7*cp_w_power+$F$7*cp_w_speed+$G$7*cp_w_hp)*tier_coef^($A22-1)*(1+alpha_bonus*sample_alpha_level),0) -> 100 | D22: =ROUND(($E$8*cp_w_power+$F$8*cp_w_speed+$G$8*cp_w_hp)*tier_coef^($A22-1)*(1+alpha_bonus*sample_alpha_level),0) -> 126 | E22: =ROUND(($E$9*cp_w_power+$F$9*cp_w_speed+$G$9*cp_w_hp)*tier_coef^($A22-1)*(1+alpha_bonus*sample_alpha_level),0) -> 127 | F22: =ROUND(($E$10*cp_w_power+$F$10*cp_w_speed+$G$10*cp_w_hp)*tier_coef^($A22-1)*(1+alpha_bonus*sample_alpha_level),0) -> 96
A23: 2 | B23: Tajribali | C23: =ROUND(($E$7*cp_w_power+$F$7*cp_w_speed+$G$7*cp_w_hp)*tier_coef^($A23-1)*(1+alpha_bonus*sample_alpha_level),0) -> 146 | D23: =ROUND(($E$8*cp_w_power+$F$8*cp_w_speed+$G$8*cp_w_hp)*tier_coef^($A23-1)*(1+alpha_bonus*sample_alpha_level),0) -> 183 | E23: =ROUND(($E$9*cp_w_power+$F$9*cp_w_speed+$G$9*cp_w_hp)*tier_coef^($A23-1)*(1+alpha_bonus*sample_alpha_level),0) -> 184 | F23: =ROUND(($E$10*cp_w_power+$F$10*cp_w_speed+$G$10*cp_w_hp)*tier_coef^($A23-1)*(1+alpha_bonus*sample_alpha_level),0) -> 139
A24: 3 | B24: Urushchi | C24: =ROUND(($E$7*cp_w_power+$F$7*cp_w_speed+$G$7*cp_w_hp)*tier_coef^($A24-1)*(1+alpha_bonus*sample_alpha_level),0) -> 211 | D24: =ROUND(($E$8*cp_w_power+$F$8*cp_w_speed+$G$8*cp_w_hp)*tier_coef^($A24-1)*(1+alpha_bonus*sample_alpha_level),0) -> 266 | E24: =ROUND(($E$9*cp_w_power+$F$9*cp_w_speed+$G$9*cp_w_hp)*tier_coef^($A24-1)*(1+alpha_bonus*sample_alpha_level),0) -> 267 | F24: =ROUND(($E$10*cp_w_power+$F$10*cp_w_speed+$G$10*cp_w_hp)*tier_coef^($A24-1)*(1+alpha_bonus*sample_alpha_level),0) -> 201
A25: 4 | B25: Veteran | C25: =ROUND(($E$7*cp_w_power+$F$7*cp_w_speed+$G$7*cp_w_hp)*tier_coef^($A25-1)*(1+alpha_bonus*sample_alpha_level),0) -> 306 | D25: =ROUND(($E$8*cp_w_power+$F$8*cp_w_speed+$G$8*cp_w_hp)*tier_coef^($A25-1)*(1+alpha_bonus*sample_alpha_level),0) -> 385 | E25: =ROUND(($E$9*cp_w_power+$F$9*cp_w_speed+$G$9*cp_w_hp)*tier_coef^($A25-1)*(1+alpha_bonus*sample_alpha_level),0) -> 388 | F25: =ROUND(($E$10*cp_w_power+$F$10*cp_w_speed+$G$10*cp_w_hp)*tier_coef^($A25-1)*(1+alpha_bonus*sample_alpha_level),0) -> 292
A26: 5 | B26: Elita | C26: =ROUND(($E$7*cp_w_power+$F$7*cp_w_speed+$G$7*cp_w_hp)*tier_coef^($A26-1)*(1+alpha_bonus*sample_alpha_level),0) -> 444 | D26: =ROUND(($E$8*cp_w_power+$F$8*cp_w_speed+$G$8*cp_w_hp)*tier_coef^($A26-1)*(1+alpha_bonus*sample_alpha_level),0) -> 559 | E26: =ROUND(($E$9*cp_w_power+$F$9*cp_w_speed+$G$9*cp_w_hp)*tier_coef^($A26-1)*(1+alpha_bonus*sample_alpha_level),0) -> 562 | F26: =ROUND(($E$10*cp_w_power+$F$10*cp_w_speed+$G$10*cp_w_hp)*tier_coef^($A26-1)*(1+alpha_bonus*sample_alpha_level),0) -> 423
A27: 6 | B27: Afsonaviy | C27: =ROUND(($E$7*cp_w_power+$F$7*cp_w_speed+$G$7*cp_w_hp)*tier_coef^($A27-1)*(1+alpha_bonus*sample_alpha_level),0) -> 644 | D27: =ROUND(($E$8*cp_w_power+$F$8*cp_w_speed+$G$8*cp_w_hp)*tier_coef^($A27-1)*(1+alpha_bonus*sample_alpha_level),0) -> 810 | E27: =ROUND(($E$9*cp_w_power+$F$9*cp_w_speed+$G$9*cp_w_hp)*tier_coef^($A27-1)*(1+alpha_bonus*sample_alpha_level),0) -> 815 | F27: =ROUND(($E$10*cp_w_power+$F$10*cp_w_speed+$G$10*cp_w_hp)*tier_coef^($A27-1)*(1+alpha_bonus*sample_alpha_level),0) -> 614
A28: 4. QARSHI-KUCH UCHBURCHAGI (hujumdagi koeffitsient)
A29: Hujum qiluvchi ↓ / Himoyalanuvchi → | B29: 🔍 Razvedkachi | C29: ⚔️ Hujumchi | D29: 🛡 Himoyachi | E29: 🥩 Ovchi
A30: 🔍 Razvedkachi | B30: =1 -> 1 | C30: =ROUND(1/counter_bonus,2) -> 0.77 | D30: =counter_bonus -> 1.3 | E30: 1
A31: ⚔️ Hujumchi | B31: =counter_bonus -> 1.3 | C31: =1 -> 1 | D31: =ROUND(1/counter_bonus,2) -> 0.77 | E31: 1
A32: 🛡 Himoyachi | B32: =ROUND(1/counter_bonus,2) -> 0.77 | C32: =counter_bonus -> 1.3 | D32: =1 -> 1 | E32: 1
A33: 🥩 Ovchi | B33: 1 | C33: 1 | D33: 1 | E33: 1
A34: Uchburchak: Himoyachi → Hujumchi → Razvedkachi → Himoyachi. Yashil — ustunlik, qizil — zaiflik.
A35: Askarlar alohida daraja olmaydi: bitta tugma butun rolni keyingi tierga koʻtaradi — telefon ekrani uchun shu qulay.
A36: Maks tier = MAX(1; MIN(alfa darajasi ÷ 4 ; SHU ROL binosi darajasi ÷ 4 ; 6)). 1-tier rol binosi qurilgan zahoti ochiq. Binolar 25 darajagacha, lekin oʻyinchi darajasidan oshmaydi.
A37: Ovchi 3-darajadan (Ov soʻqmogʻi bilan), qolgan 3 rol 4-darajada keladi. 1–3 darajada alfa oʻzi yolgʻiz ovlaydi.

Sheet PvP oʻlja
A3: PvP oʻlja — reyddan olinadigan resurs va uning balansi
A4: Ombor zaxirasi, himoya foizi va hujumchi soni boshqa varaqlardan keladi. Oxirgi ustun chegara buzilganini darhol koʻrsatadi.
A5: Daraja | B5: Boʻri nomi | C5: Ombordagi zaxira (kg) | D5: Oziq gʻori | E5: Himoya | F5: Himoyalanmagan (kg) | G5: Hujumchi soni | H5: Hujumchi tier | I5: Yuk sigʻimi (kg) | J5: Maks oʻlja (kg) | K5: Kunlik ehtiyoj (kg) | L5: Oʻlja / kunlik ehtiyoj | M5: Holat | N5: Maqsad: eng past daraja | O5: Maqsad: eng yuqori daraja | P5: Nechta daraja | Q5: Hujum holati | R5: Kengaygan: eng past | S5: Kengaygan: eng yuqori | T5: Kengaygan tanlov
A6: 1 | B6: =Darajalar!B6 -> Honsyu boʻrisi | C6: =Oziqlanish!K6 -> 3 | D6: =Oziqlanish!L6 -> 1 | E6: =cave_protect_base+cave_protect_growth*(D6-1) -> 0.3 | F6: =ROUND(C6*(1-E6),0) -> 2 | G6: ='Askar iqtisodi'!D24 -> 0 | H6: =IF(G6=0,0,'Askar iqtisodi'!G24) -> 0 | I6: =G6*loot_carry_base*(1+loot_carry_tier*H6) -> 0 | J6: =ROUND(MIN(F6*raid_coef,I6),0) -> 0 | K6: =Oziqlanish!E6 -> 1 | L6: =J6/K6 -> 0 | M6: =IF(L6<=loot_cap_ratio,"OK","⚠️ Chegaradan oshdi") -> OK | N6: =MAX(shield_newbie_level+1,A6-attack_window_down) -> 7 | O6: =MIN(25,A6+attack_window_up) -> 2 | P6: =IF(A6<=shield_newbie_level,0,MAX(0,O6-N6+1)) -> 0 | Q6: =IF(A6<bot_unlock_level,"Jang yoʻq",IF(A6<=shield_newbie_level,"🤖 Faqat botlar — oʻzi qalqon ostida",IF(P6<3,"Cheklangan tanlov","Normal"))) -> Jang yoʻq | R6: =MAX(shield_newbie_level+1,A6-window_max) -> 7 | S6: =MIN(25,A6+window_max) -> 4 | T6: =IF(A6<=shield_newbie_level,0,MAX(0,S6-R6+1)) -> 0
A7: 2 | B7: =Darajalar!B7 -> Efiopiya boʻrisi | C7: =Oziqlanish!K7 -> 3 | D7: =Oziqlanish!L7 -> 1 | E7: =cave_protect_base+cave_protect_growth*(D7-1) -> 0.3 | F7: =ROUND(C7*(1-E7),0) -> 2 | G7: ='Askar iqtisodi'!D25 -> 0 | H7: =IF(G7=0,0,'Askar iqtisodi'!G25) -> 0 | I7: =G7*loot_carry_base*(1+loot_carry_tier*H7) -> 0 | J7: =ROUND(MIN(F7*raid_coef,I7),0) -> 0 | K7: =Oziqlanish!E7 -> 1 | L7: =J7/K7 -> 0 | M7: =IF(L7<=loot_cap_ratio,"OK","⚠️ Chegaradan oshdi") -> OK | N7: =MAX(shield_newbie_level+1,A7-attack_window_down) -> 7 | O7: =MIN(25,A7+attack_window_up) -> 3 | P7: =IF(A7<=shield_newbie_level,0,MAX(0,O7-N7+1)) -> 0 | Q7: =IF(A7<bot_unlock_level,"Jang yoʻq",IF(A7<=shield_newbie_level,"🤖 Faqat botlar — oʻzi qalqon ostida",IF(P7<3,"Cheklangan tanlov","Normal"))) -> Jang yoʻq | R7: =MAX(shield_newbie_level+1,A7-window_max) -> 7 | S7: =MIN(25,A7+window_max) -> 5 | T7: =IF(A7<=shield_newbie_level,0,MAX(0,S7-R7+1)) -> 0
A8: 3 | B8: =Darajalar!B8 -> Arab boʻrisi | C8: =Oziqlanish!K8 -> 3 | D8: =Oziqlanish!L8 -> 1 | E8: =cave_protect_base+cave_protect_growth*(D8-1) -> 0.3 | F8: =ROUND(C8*(1-E8),0) -> 2 | G8: ='Askar iqtisodi'!D26 -> 0 | H8: =IF(G8=0,0,'Askar iqtisodi'!G26) -> 0 | I8: =G8*loot_carry_base*(1+loot_carry_tier*H8) -> 0 | J8: =ROUND(MIN(F8*raid_coef,I8),0) -> 0 | K8: =Oziqlanish!E8 -> 1 | L8: =J8/K8 -> 0 | M8: =IF(L8<=loot_cap_ratio,"OK","⚠️ Chegaradan oshdi") -> OK | N8: =MAX(shield_newbie_level+1,A8-attack_window_down) -> 7 | O8: =MIN(25,A8+attack_window_up) -> 4 | P8: =IF(A8<=shield_newbie_level,0,MAX(0,O8-N8+1)) -> 0 | Q8: =IF(A8<bot_unlock_level,"Jang yoʻq",IF(A8<=shield_newbie_level,"🤖 Faqat botlar — oʻzi qalqon ostida",IF(P8<3,"Cheklangan tanlov","Normal"))) -> Jang yoʻq | R8: =MAX(shield_newbie_level+1,A8-window_max) -> 7 | S8: =MIN(25,A8+window_max) -> 6 | T8: =IF(A8<=shield_newbie_level,0,MAX(0,S8-R8+1)) -> 0
A9: 4 | B9: =Darajalar!B9 -> Hind boʻrisi | C9: =Oziqlanish!K9 -> 27 | D9: =Oziqlanish!L9 -> 1 | E9: =cave_protect_base+cave_protect_growth*(D9-1) -> 0.3 | F9: =ROUND(C9*(1-E9),0) -> 19 | G9: ='Askar iqtisodi'!D27 -> 4 | H9: =IF(G9=0,0,'Askar iqtisodi'!G27) -> 1 | I9: =G9*loot_carry_base*(1+loot_carry_tier*H9) -> 72 | J9: =ROUND(MIN(F9*raid_coef,I9),0) -> 4 | K9: =Oziqlanish!E9 -> 9 | L9: =J9/K9 -> 0.44444444 | M9: =IF(L9<=loot_cap_ratio,"OK","⚠️ Chegaradan oshdi") -> OK | N9: =MAX(shield_newbie_level+1,A9-attack_window_down) -> 7 | O9: =MIN(25,A9+attack_window_up) -> 5 | P9: =IF(A9<=shield_newbie_level,0,MAX(0,O9-N9+1)) -> 0 | Q9: =IF(A9<bot_unlock_level,"Jang yoʻq",IF(A9<=shield_newbie_level,"🤖 Faqat botlar — oʻzi qalqon ostida",IF(P9<3,"Cheklangan tanlov","Normal"))) -> 🤖 Faqat botlar — oʻzi qalqon ostida | R9: =MAX(shield_newbie_level+1,A9-window_max) -> 7 | S9: =MIN(25,A9+window_max) -> 7 | T9: =IF(A9<=shield_newbie_level,0,MAX(0,S9-R9+1)) -> 0
A10: 5 | B10: =Darajalar!B10 -> Qizil boʻri | C10: =Oziqlanish!K10 -> 36 | D10: =Oziqlanish!L10 -> 1 | E10: =cave_protect_base+cave_protect_growth*(D10-1) -> 0.3 | F10: =ROUND(C10*(1-E10),0) -> 25 | G10: ='Askar iqtisodi'!D28 -> 6 | H10: =IF(G10=0,0,'Askar iqtisodi'!G28) -> 1 | I10: =G10*loot_carry_base*(1+loot_carry_tier*H10) -> 108 | J10: =ROUND(MIN(F10*raid_coef,I10),0) -> 6 | K10: =Oziqlanish!E10 -> 12 | L10: =J10/K10 -> 0.5 | M10: =IF(L10<=loot_cap_ratio,"OK","⚠️ Chegaradan oshdi") -> OK | N10: =MAX(shield_newbie_level+1,A10-attack_window_down) -> 7 | O10: =MIN(25,A10+attack_window_up) -> 6 | P10: =IF(A10<=shield_newbie_level,0,MAX(0,O10-N10+1)) -> 0 | Q10: =IF(A10<bot_unlock_level,"Jang yoʻq",IF(A10<=shield_newbie_level,"🤖 Faqat botlar — oʻzi qalqon ostida",IF(P10<3,"Cheklangan tanlov","Normal"))) -> 🤖 Faqat botlar — oʻzi qalqon ostida | R10: =MAX(shield_newbie_level+1,A10-window_max) -> 7 | S10: =MIN(25,A10+window_max) -> 8 | T10: =IF(A10<=shield_newbie_level,0,MAX(0,S10-R10+1)) -> 0
A11: 6 | B11: =Darajalar!B11 -> Italyan boʻrisi | C11: =Oziqlanish!K11 -> 45 | D11: =Oziqlanish!L11 -> 2 | E11: =cave_protect_base+cave_protect_growth*(D11-1) -> 0.32 | F11: =ROUND(C11*(1-E11),0) -> 31 | G11: ='Askar iqtisodi'!D29 -> 6 | H11: =IF(G11=0,0,'Askar iqtisodi'!G29) -> 1 | I11: =G11*loot_carry_base*(1+loot_carry_tier*H11) -> 108 | J11: =ROUND(MIN(F11*raid_coef,I11),0) -> 7 | K11: =Oziqlanish!E11 -> 15 | L11: =J11/K11 -> 0.46666667 | M11: =IF(L11<=loot_cap_ratio,"OK","⚠️ Chegaradan oshdi") -> OK | N11: =MAX(shield_newbie_level+1,A11-attack_window_down) -> 7 | O11: =MIN(25,A11+attack_window_up) -> 7 | P11: =IF(A11<=shield_newbie_level,0,MAX(0,O11-N11+1)) -> 0 | Q11: =IF(A11<bot_unlock_level,"Jang yoʻq",IF(A11<=shield_newbie_level,"🤖 Faqat botlar — oʻzi qalqon ostida",IF(P11<3,"Cheklangan tanlov","Normal"))) -> 🤖 Faqat botlar — oʻzi qalqon ostida | R11: =MAX(shield_newbie_level+1,A11-window_max) -> 7 | S11: =MIN(25,A11+window_max) -> 9 | T11: =IF(A11<=shield_newbie_level,0,MAX(0,S11-R11+1)) -> 0
A12: 7 | B12: =Darajalar!B12 -> Meksika boʻrisi | C12: =Oziqlanish!K12 -> 60 | D12: =Oziqlanish!L12 -> 4 | E12: =cave_protect_base+cave_protect_growth*(D12-1) -> 0.36 | F12: =ROUND(C12*(1-E12),0) -> 38 | G12: ='Askar iqtisodi'!D30 -> 8 | H12: =IF(G12=0,0,'Askar iqtisodi'!G30) -> 1 | I12: =G12*loot_carry_base*(1+loot_carry_tier*H12) -> 144 | J12: =ROUND(MIN(F12*raid_coef,I12),0) -> 8 | K12: =Oziqlanish!E12 -> 20 | L12: =J12/K12 -> 0.4 | M12: =IF(L12<=loot_cap_ratio,"OK","⚠️ Chegaradan oshdi") -> OK | N12: =MAX(shield_newbie_level+1,A12-attack_window_down) -> 7 | O12: =MIN(25,A12+attack_window_up) -> 8 | P12: =IF(A12<=shield_newbie_level,0,MAX(0,O12-N12+1)) -> 2 | Q12: =IF(A12<bot_unlock_level,"Jang yoʻq",IF(A12<=shield_newbie_level,"🤖 Faqat botlar — oʻzi qalqon ostida",IF(P12<3,"Cheklangan tanlov","Normal"))) -> Cheklangan tanlov | R12: =MAX(shield_newbie_level+1,A12-window_max) -> 7 | S12: =MIN(25,A12+window_max) -> 10 | T12: =IF(A12<=shield_newbie_level,0,MAX(0,S12-R12+1)) -> 4
A13: 8 | B13: =Darajalar!B13 -> Sharqiy boʻri | C13: =Oziqlanish!K13 -> 81 | D13: =Oziqlanish!L13 -> 5 | E13: =cave_protect_base+cave_protect_growth*(D13-1) -> 0.38 | F13: =ROUND(C13*(1-E13),0) -> 50 | G13: ='Askar iqtisodi'!D31 -> 10 | H13: =IF(G13=0,0,'Askar iqtisodi'!G31) -> 2 | I13: =G13*loot_carry_base*(1+loot_carry_tier*H13) -> 210 | J13: =ROUND(MIN(F13*raid_coef,I13),0) -> 11 | K13: =Oziqlanish!E13 -> 27 | L13: =J13/K13 -> 0.40740741 | M13: =IF(L13<=loot_cap_ratio,"OK","⚠️ Chegaradan oshdi") -> OK | N13: =MAX(shield_newbie_level+1,A13-attack_window_down) -> 7 | O13: =MIN(25,A13+attack_window_up) -> 9 | P13: =IF(A13<=shield_newbie_level,0,MAX(0,O13-N13+1)) -> 3 | Q13: =IF(A13<bot_unlock_level,"Jang yoʻq",IF(A13<=shield_newbie_level,"🤖 Faqat botlar — oʻzi qalqon ostida",IF(P13<3,"Cheklangan tanlov","Normal"))) -> Normal | R13: =MAX(shield_newbie_level+1,A13-window_max) -> 7 | S13: =MIN(25,A13+window_max) -> 11 | T13: =IF(A13<=shield_newbie_level,0,MAX(0,S13-R13+1)) -> 5
A14: 9 | B14: =Darajalar!B14 -> Iberiya boʻrisi | C14: =Oziqlanish!K14 -> 105 | D14: =Oziqlanish!L14 -> 6 | E14: =cave_protect_base+cave_protect_growth*(D14-1) -> 0.4 | F14: =ROUND(C14*(1-E14),0) -> 63 | G14: ='Askar iqtisodi'!D32 -> 11 | H14: =IF(G14=0,0,'Askar iqtisodi'!G32) -> 2 | I14: =G14*loot_carry_base*(1+loot_carry_tier*H14) -> 231 | J14: =ROUND(MIN(F14*raid_coef,I14),0) -> 14 | K14: =Oziqlanish!E14 -> 35 | L14: =J14/K14 -> 0.4 | M14: =IF(L14<=loot_cap_ratio,"OK","⚠️ Chegaradan oshdi") -> OK | N14: =MAX(shield_newbie_level+1,A14-attack_window_down) -> 8 | O14: =MIN(25,A14+attack_window_up) -> 10 | P14: =IF(A14<=shield_newbie_level,0,MAX(0,O14-N14+1)) -> 3 | Q14: =IF(A14<bot_unlock_level,"Jang yoʻq",IF(A14<=shield_newbie_level,"🤖 Faqat botlar — oʻzi qalqon ostida",IF(P14<3,"Cheklangan tanlov","Normal"))) -> Normal | R14: =MAX(shield_newbie_level+1,A14-window_max) -> 7 | S14: =MIN(25,A14+window_max) -> 12 | T14: =IF(A14<=shield_newbie_level,0,MAX(0,S14-R14+1)) -> 6
A15: 10 | B15: =Darajalar!B15 -> Dasht boʻrisi | C15: =Oziqlanish!K15 -> 135 | D15: =Oziqlanish!L15 -> 8 | E15: =cave_protect_base+cave_protect_growth*(D15-1) -> 0.44 | F15: =ROUND(C15*(1-E15),0) -> 76 | G15: ='Askar iqtisodi'!D33 -> 13 | H15: =IF(G15=0,0,'Askar iqtisodi'!G33) -> 2 | I15: =G15*loot_carry_base*(1+loot_carry_tier*H15) -> 273 | J15: =ROUND(MIN(F15*raid_coef,I15),0) -> 17 | K15: =Oziqlanish!E15 -> 45 | L15: =J15/K15 -> 0.37777778 | M15: =IF(L15<=loot_cap_ratio,"OK","⚠️ Chegaradan oshdi") -> OK | N15: =MAX(shield_newbie_level+1,A15-attack_window_down) -> 9 | O15: =MIN(25,A15+attack_window_up) -> 11 | P15: =IF(A15<=shield_newbie_level,0,MAX(0,O15-N15+1)) -> 3 | Q15: =IF(A15<bot_unlock_level,"Jang yoʻq",IF(A15<=shield_newbie_level,"🤖 Faqat botlar — oʻzi qalqon ostida",IF(P15<3,"Cheklangan tanlov","Normal"))) -> Normal | R15: =MAX(shield_newbie_level+1,A15-window_max) -> 7 | S15: =MIN(25,A15+window_max) -> 13 | T15: =IF(A15<=shield_newbie_level,0,MAX(0,S15-R15+1)) -> 7
A16: 11 | B16: =Darajalar!B16 -> Himolay boʻrisi | C16: =Oziqlanish!K16 -> 174 | D16: =Oziqlanish!L16 -> 9 | E16: =cave_protect_base+cave_protect_growth*(D16-1) -> 0.46 | F16: =ROUND(C16*(1-E16),0) -> 94 | G16: ='Askar iqtisodi'!D34 -> 17 | H16: =IF(G16=0,0,'Askar iqtisodi'!G34) -> 2 | I16: =G16*loot_carry_base*(1+loot_carry_tier*H16) -> 357 | J16: =ROUND(MIN(F16*raid_coef,I16),0) -> 21 | K16: =Oziqlanish!E16 -> 58 | L16: =J16/K16 -> 0.36206897 | M16: =IF(L16<=loot_cap_ratio,"OK","⚠️ Chegaradan oshdi") -> OK | N16: =MAX(shield_newbie_level+1,A16-attack_window_down) -> 10 | O16: =MIN(25,A16+attack_window_up) -> 12 | P16: =IF(A16<=shield_newbie_level,0,MAX(0,O16-N16+1)) -> 3 | Q16: =IF(A16<bot_unlock_level,"Jang yoʻq",IF(A16<=shield_newbie_level,"🤖 Faqat botlar — oʻzi qalqon ostida",IF(P16<3,"Cheklangan tanlov","Normal"))) -> Normal | R16: =MAX(shield_newbie_level+1,A16-window_max) -> 8 | S16: =MIN(25,A16+window_max) -> 14 | T16: =IF(A16<=shield_newbie_level,0,MAX(0,S16-R16+1)) -> 7
A17: 12 | B17: =Darajalar!B17 -> Ezo boʻrisi | C17: =Oziqlanish!K17 -> 219 | D17: =Oziqlanish!L17 -> 10 | E17: =cave_protect_base+cave_protect_growth*(D17-1) -> 0.48 | F17: =ROUND(C17*(1-E17),0) -> 114 | G17: ='Askar iqtisodi'!D35 -> 19 | H17: =IF(G17=0,0,'Askar iqtisodi'!G35) -> 3 | I17: =G17*loot_carry_base*(1+loot_carry_tier*H17) -> 456 | J17: =ROUND(MIN(F17*raid_coef,I17),0) -> 25 | K17: =Oziqlanish!E17 -> 73 | L17: =J17/K17 -> 0.34246575 | M17: =IF(L17<=loot_cap_ratio,"OK","⚠️ Chegaradan oshdi") -> OK | N17: =MAX(shield_newbie_level+1,A17-attack_window_down) -> 11 | O17: =MIN(25,A17+attack_window_up) -> 13 | P17: =IF(A17<=shield_newbie_level,0,MAX(0,O17-N17+1)) -> 3 | Q17: =IF(A17<bot_unlock_level,"Jang yoʻq",IF(A17<=shield_newbie_level,"🤖 Faqat botlar — oʻzi qalqon ostida",IF(P17<3,"Cheklangan tanlov","Normal"))) -> Normal | R17: =MAX(shield_newbie_level+1,A17-window_max) -> 9 | S17: =MIN(25,A17+window_max) -> 15 | T17: =IF(A17<=shield_newbie_level,0,MAX(0,S17-R17+1)) -> 7
... A30: 25 | B30: =Darajalar!B30 -> Koʻk Boʻri | C30: =Oziqlanish!K30 -> 4140 | D30: =Oziqlanish!L30 -> 25 | E30: =cave_protect_base+cave_protect_growth*(D30-1) -> 0.78 | F30: =ROUND(C30*(1-E30),0) -> 911 | G30: ='Askar iqtisodi'!D48 -> 207 | H30: =IF(G30=0,0,'Askar iqtisodi'!G48) -> 6 | I30: =G30*loot_carry_base*(1+loot_carry_tier*H30) -> 6831 | J30: =ROUND(MIN(F30*raid_coef,I30),0) -> 200 | K30: =Oziqlanish!E30 -> 1380 | L30: =J30/K30 -> 0.14492754 | M30: =IF(L30<=loot_cap_ratio,"OK","⚠️ Chegaradan oshdi") -> OK | N30: =MAX(shield_newbie_level+1,A30-attack_window_down) -> 24 | O30: =MIN(25,A30+attack_window_up) -> 25 | P30: =IF(A30<=shield_newbie_level,0,MAX(0,O30-N30+1)) -> 2 | Q30: =IF(A30<bot_unlock_level,"Jang yoʻq",IF(A30<=shield_newbie_level,"🤖 Faqat botlar — oʻzi qalqon ostida",IF(P30<3,"Cheklangan tanlov","Normal"))) -> Cheklangan tanlov | R30: =MAX(shield_newbie_level+1,A30-window_max) -> 22 | S30: =MIN(25,A30+window_max) -> 25 | T30: =IF(A30<=shield_newbie_level,0,MAX(0,S30-R30+1)) -> 4
A31: KOEFFITSIYENTLAR — maks oʻljaga koʻpaytiriladi | E31: QALQON TIZIMI | H31: DINAMIK OYNA — mos raqib topilmasa
A32: Bosqich | B32: Kutish vaqti | C32: Oyna | D32: Havza kengligi | E32: Yangi oʻyinchi (1–6 daraja) | F32: Toʻliq — faqat botlarga hujum qila oladi (4–6 daraja)
A33: Maqsad 1 daraja past | B33: =loot_level_m1 -> 0.7 | C33: Pastga hujum kam foyda beradi | E33: Reydda yoʻqotgan | F33: =shield_after_raid_h&" soat (yoʻqotish "&TEXT(shield_after_raid_loss,"0%")&"+)" -> 8 soat (yoʻqotish 30%+) | H33: 1 | I33: 0–30 daqiqa | J33: ±1 | K33: 3 daraja | L33: Standart holat — eng adolatli janglar
A34: Maqsad teng darajada | B34: =1 -> 1 | C34: Teng jang — toʻliq oʻlja | E34: Ketma-ket 2 marta yutqazgan | F34: =shield_two_losses_h&" soat" -> 16 soat | H34: 2 | I34: 30–60 daqiqa | J34: ±2 | K34: 5 daraja | L34: Havza kichik serverlarda kengayadi
A35: Maqsad 1 daraja yuqori | B35: =loot_level_p1 -> 1.3 | C35: Yuqoriga hujum ragʻbatlantiriladi | E35: Oʻzi hujum qilsa | F35: Qalqon darhol oʻchadi | H35: 3 | I35: 60 daqiqadan keyin | J35: ±3 | K35: 7 daraja | L35: Eng chekka holat; koeffitsient kuchli jazolaydi
A36: Maqsad 2 daraja past (kengaygan) | B36: =loot_level_m2 -> 0.5 | C36: Oyna kengayganda | E36: Boʻrilar holati | F36: Jangda oʻladi yoki jarohatlanadi (bo'lim 7 formulasi); oʻljaga aylanmaydi
A37: Maqsad 2 daraja yuqori (kengaygan) | B37: =loot_level_p2 -> 1.5 | C37: Oyna kengayganda | E37: Olinmaydigan resurs | F37: Oy toshi, XP, binolar, qurilish resurslari, boʻrilar (faqat goʻsht olinadi) | H37: Oyna faqat mos raqib topilmagan oʻyinchi uchun kengayadi — boshqalar uchun ±1 boʻlib qolaveradi.
A38: Maqsad 3 daraja past (kengaygan) | B38: =loot_level_m3 -> 0.3 | C38: Eng chekka holat | H38: Kengayish qalqonni buzmaydi: 1–6 daraja har qanday bosqichda ham himoyalangan.
A39: Maqsad 3 daraja yuqori (kengaygan) | B39: =loot_level_p3 -> 1.7 | C39: Eng chekka holat | H39: Oyna kengaysa, oʻyinchi buni ekranda koʻradi (masalan «Raqib topilmadi — qidiruv kengaytirildi»).
A40: Oynadan tashqari daraja | B40: 0 | C40: Hujum tugmasi umuman ochilmaydi
A41: Toʻliq gʻalaba | B41: 1 | C41: Barcha himoyachilar yengilgan
A42: Qisman gʻalaba | B42: =loot_partial_win -> 0.55 | C42: Vaqt tugadi, ustunlik bor
A43: Magʻlubiyat | B43: 0 | C43: Hech narsa olinmaydi
A44: 1-hujum (24 soatda) | B44: 1 | C44: Takror talashga qarshi
A45: 2-hujum | B45: =loot_repeat_2 -> 0.5 | C45: Takror talashga qarshi
A46: 3-hujum | B46: =loot_repeat_3 -> 0.25 | C46: Takror talashga qarshi
A47: Oʻlja = Ombordagi goʻsht × (1 − Himoya%) × Reyd koeffitsienti × gʻalaba × daraja koeff. × takror koeff. × oflayn koeff. (himoyachi 24+ soat oflayn — 0.5), lekin yuk sigʻimidan oshmaydi. 4-hujum juftlik chegarasi bilan taqiqlangan.
A48: Asosiy qoida: «Oʻlja / kunlik ov» ustuni 50% dan oshmasligi kerak — aks holda oʻyinchilar ov qilishni tashlab, faqat bir-birini talaydi va iqtisod quriydi. | B48: =1+revenge_bonus -> 1.2 | C48: Yutqazgan tomonga javob imkoni
A49: Himoya foizi Oziq gʻori darajasidan keladi — demak omborni kuchaytirish ham sigʻim, ham PvP himoyasi uchun foydali.
A50: Hujum oynasi: oʻyinchi faqat oʻz darajasi, 1 past va 1 yuqori darajaga hujum qila oladi. Boshqa darajalar roʻyxatda umuman koʻrinmaydi.
A51: 1–6 daraja qalqon ostida: 4–6 darajada roʻyxat faqat botlardan iborat. 7-darajali oʻyinchining haqiqiy raqiblari faqat 7 va 8 — boʻsh joylar botlar bilan toʻldiriladi.
A52: 25-daraja uchun ham oyna tor (24–25) — server choʻqqisidagi oʻyinchilar bir-biri bilan qoladi, bu ularni ittifoq va toʻda urushiga itaradi.

Sheet Razvedka
A3: Razvedka — raqib haqida maʼlumot olish
A4: Oyna hujum bilan bir xil: oʻz darajasi, 1 past va 1 yuqori. Raqibning razvedkasi kuchliroq boʻlsa — hech narsa koʻrinmaydi.
A5: Daraja | B5: Boʻri nomi | C5: Razvedkachi soni | D5: Tier | E5: Razvedka kuchi | F5: −1 daraja kuchi | G5: Nisbat | H5: Natija (−1) | I5: Teng daraja kuchi | J5: Nisbat | K5: Natija (teng) | L5: +1 daraja kuchi | M5: Nisbat | N5: Natija (+1)
A6: 1 | B6: =Darajalar!B6 -> Honsyu boʻrisi | C6: ='Askar iqtisodi'!C24 -> 0 | D6: ='Askar iqtisodi'!G24 -> 1 | E6: =ROUND(C6*(Rollar!$E$7*cp_w_power+Rollar!$F$7*cp_w_speed+Rollar!$G$7*cp_w_hp)*tier_coef^(D6-1)*(1+alpha_bonus*A6),0) -> 0 | F6: 0 | G6: =IF(F6=0,0,ROUND(E6/F6,2)) -> 0 | H6: =IF(F6=0,"🛡 Qalqon / oyna tashqarisida",IF(G6<=scout_partial,"❌ Muvaffaqiyatsiz — hech narsa koʻrinmaydi",IF(G6<=scout_full,"◐ Qisman — faqat toʻda hajmi",IF(G6<=scout_exact,"✔ Toʻliq — askar soni va oʻlja","★ Aniq — barcha raqamlar")))) -> 🛡 Qalqon / oyna tashqarisida | I6: =IF(A6>shield_newbie_level,E6,0) -> 0 | J6: =IF(I6=0,0,ROUND(E6/I6,2)) -> 0 | K6: =IF(I6=0,"🛡 Qalqon / oyna tashqarisida",IF(J6<=scout_partial,"❌ Muvaffaqiyatsiz — hech narsa koʻrinmaydi",IF(J6<=scout_full,"◐ Qisman — faqat toʻda hajmi",IF(J6<=scout_exact,"✔ Toʻliq — askar soni va oʻlja","★ Aniq — barcha raqamlar")))) -> 🛡 Qalqon / oyna tashqarisida | L6: =IF(A6>shield_newbie_level,E7,0) -> 0 | M6: =IF(L6=0,0,ROUND(E6/L6,2)) -> 0 | N6: =IF(L6=0,"🛡 Qalqon / oyna tashqarisida",IF(M6<=scout_partial,"❌ Muvaffaqiyatsiz — hech narsa koʻrinmaydi",IF(M6<=scout_full,"◐ Qisman — faqat toʻda hajmi",IF(M6<=scout_exact,"✔ Toʻliq — askar soni va oʻlja","★ Aniq — barcha raqamlar")))) -> 🛡 Qalqon / oyna tashqarisida
A7: 2 | B7: =Darajalar!B7 -> Efiopiya boʻrisi | C7: ='Askar iqtisodi'!C25 -> 0 | D7: ='Askar iqtisodi'!G25 -> 1 | E7: =ROUND(C7*(Rollar!$E$7*cp_w_power+Rollar!$F$7*cp_w_speed+Rollar!$G$7*cp_w_hp)*tier_coef^(D7-1)*(1+alpha_bonus*A7),0) -> 0 | F7: =IF(AND(A7>shield_newbie_level,A7-1>shield_newbie_level),E6,0) -> 0 | G7: =IF(F7=0,0,ROUND(E7/F7,2)) -> 0 | H7: =IF(F7=0,"🛡 Qalqon / oyna tashqarisida",IF(G7<=scout_partial,"❌ Muvaffaqiyatsiz — hech narsa koʻrinmaydi",IF(G7<=scout_full,"◐ Qisman — faqat toʻda hajmi",IF(G7<=scout_exact,"✔ Toʻliq — askar soni va oʻlja","★ Aniq — barcha raqamlar")))) -> 🛡 Qalqon / oyna tashqarisida | I7: =IF(A7>shield_newbie_level,E7,0) -> 0 | J7: =IF(I7=0,0,ROUND(E7/I7,2)) -> 0 | K7: =IF(I7=0,"🛡 Qalqon / oyna tashqarisida",IF(J7<=scout_partial,"❌ Muvaffaqiyatsiz — hech narsa koʻrinmaydi",IF(J7<=scout_full,"◐ Qisman — faqat toʻda hajmi",IF(J7<=scout_exact,"✔ Toʻliq — askar soni va oʻlja","★ Aniq — barcha raqamlar")))) -> 🛡 Qalqon / oyna tashqarisida | L7: =IF(A7>shield_newbie_level,E8,0) -> 0 | M7: =IF(L7=0,0,ROUND(E7/L7,2)) -> 0 | N7: =IF(L7=0,"🛡 Qalqon / oyna tashqarisida",IF(M7<=scout_partial,"❌ Muvaffaqiyatsiz — hech narsa koʻrinmaydi",IF(M7<=scout_full,"◐ Qisman — faqat toʻda hajmi",IF(M7<=scout_exact,"✔ Toʻliq — askar soni va oʻlja","★ Aniq — barcha raqamlar")))) -> 🛡 Qalqon / oyna tashqarisida
A8: 3 | B8: =Darajalar!B8 -> Arab boʻrisi | C8: ='Askar iqtisodi'!C26 -> 0 | D8: ='Askar iqtisodi'!G26 -> 1 | E8: =ROUND(C8*(Rollar!$E$7*cp_w_power+Rollar!$F$7*cp_w_speed+Rollar!$G$7*cp_w_hp)*tier_coef^(D8-1)*(1+alpha_bonus*A8),0) -> 0 | F8: =IF(AND(A8>shield_newbie_level,A8-1>shield_newbie_level),E7,0) -> 0 | G8: =IF(F8=0,0,ROUND(E8/F8,2)) -> 0 | H8: =IF(F8=0,"🛡 Qalqon / oyna tashqarisida",IF(G8<=scout_partial,"❌ Muvaffaqiyatsiz — hech narsa koʻrinmaydi",IF(G8<=scout_full,"◐ Qisman — faqat toʻda hajmi",IF(G8<=scout_exact,"✔ Toʻliq — askar soni va oʻlja","★ Aniq — barcha raqamlar")))) -> 🛡 Qalqon / oyna tashqarisida | I8: =IF(A8>shield_newbie_level,E8,0) -> 0 | J8: =IF(I8=0,0,ROUND(E8/I8,2)) -> 0 | K8: =IF(I8=0,"🛡 Qalqon / oyna tashqarisida",IF(J8<=scout_partial,"❌ Muvaffaqiyatsiz — hech narsa koʻrinmaydi",IF(J8<=scout_full,"◐ Qisman — faqat toʻda hajmi",IF(J8<=scout_exact,"✔ Toʻliq — askar soni va oʻlja","★ Aniq — barcha raqamlar")))) -> 🛡 Qalqon / oyna tashqarisida | L8: =IF(A8>shield_newbie_level,E9,0) -> 0 | M8: =IF(L8=0,0,ROUND(E8/L8,2)) -> 0 | N8: =IF(L8=0,"🛡 Qalqon / oyna tashqarisida",IF(M8<=scout_partial,"❌ Muvaffaqiyatsiz — hech narsa koʻrinmaydi",IF(M8<=scout_full,"◐ Qisman — faqat toʻda hajmi",IF(M8<=scout_exact,"✔ Toʻliq — askar soni va oʻlja","★ Aniq — barcha raqamlar")))) -> 🛡 Qalqon / oyna tashqarisida
A9: 4 | B9: =Darajalar!B9 -> Hind boʻrisi | C9: ='Askar iqtisodi'!C27 -> 2 | D9: ='Askar iqtisodi'!G27 -> 1 | E9: =ROUND(C9*(Rollar!$E$7*cp_w_power+Rollar!$F$7*cp_w_speed+Rollar!$G$7*cp_w_hp)*tier_coef^(D9-1)*(1+alpha_bonus*A9),0) -> 143 | F9: =IF(AND(A9>shield_newbie_level,A9-1>shield_newbie_level),E8,0) -> 0 | G9: =IF(F9=0,0,ROUND(E9/F9,2)) -> 0 | H9: =IF(F9=0,"🛡 Qalqon / oyna tashqarisida",IF(G9<=scout_partial,"❌ Muvaffaqiyatsiz — hech narsa koʻrinmaydi",IF(G9<=scout_full,"◐ Qisman — faqat toʻda hajmi",IF(G9<=scout_exact,"✔ Toʻliq — askar soni va oʻlja","★ Aniq — barcha raqamlar")))) -> 🛡 Qalqon / oyna tashqarisida | I9: =IF(A9>shield_newbie_level,E9,0) -> 0 | J9: =IF(I9=0,0,ROUND(E9/I9,2)) -> 0 | K9: =IF(I9=0,"🛡 Qalqon / oyna tashqarisida",IF(J9<=scout_partial,"❌ Muvaffaqiyatsiz — hech narsa koʻrinmaydi",IF(J9<=scout_full,"◐ Qisman — faqat toʻda hajmi",IF(J9<=scout_exact,"✔ Toʻliq — askar soni va oʻlja","★ Aniq — barcha raqamlar")))) -> 🛡 Qalqon / oyna tashqarisida | L9: =IF(A9>shield_newbie_level,E10,0) -> 0 | M9: =IF(L9=0,0,ROUND(E9/L9,2)) -> 0 | N9: =IF(L9=0,"🛡 Qalqon / oyna tashqarisida",IF(M9<=scout_partial,"❌ Muvaffaqiyatsiz — hech narsa koʻrinmaydi",IF(M9<=scout_full,"◐ Qisman — faqat toʻda hajmi",IF(M9<=scout_exact,"✔ Toʻliq — askar soni va oʻlja","★ Aniq — barcha raqamlar")))) -> 🛡 Qalqon / oyna tashqarisida
A10: 5 | B10: =Darajalar!B10 -> Qizil boʻri | C10: ='Askar iqtisodi'!C28 -> 2 | D10: ='Askar iqtisodi'!G28 -> 1 | E10: =ROUND(C10*(Rollar!$E$7*cp_w_power+Rollar!$F$7*cp_w_speed+Rollar!$G$7*cp_w_hp)*tier_coef^(D10-1)*(1+alpha_bonus*A10),0) -> 147 | F10: =IF(AND(A10>shield_newbie_level,A10-1>shield_newbie_level),E9,0) -> 0 | G10: =IF(F10=0,0,ROUND(E10/F10,2)) -> 0 | H10: =IF(F10=0,"🛡 Qalqon / oyna tashqarisida",IF(G10<=scout_partial,"❌ Muvaffaqiyatsiz — hech narsa koʻrinmaydi",IF(G10<=scout_full,"◐ Qisman — faqat toʻda hajmi",IF(G10<=scout_exact,"✔ Toʻliq — askar soni va oʻlja","★ Aniq — barcha raqamlar")))) -> 🛡 Qalqon / oyna tashqarisida | I10: =IF(A10>shield_newbie_level,E10,0) -> 0 | J10: =IF(I10=0,0,ROUND(E10/I10,2)) -> 0 | K10: =IF(I10=0,"🛡 Qalqon / oyna tashqarisida",IF(J10<=scout_partial,"❌ Muvaffaqiyatsiz — hech narsa koʻrinmaydi",IF(J10<=scout_full,"◐ Qisman — faqat toʻda hajmi",IF(J10<=scout_exact,"✔ Toʻliq — askar soni va oʻlja","★ Aniq — barcha raqamlar")))) -> 🛡 Qalqon / oyna tashqarisida | L10: =IF(A10>shield_newbie_level,E11,0) -> 0 | M10: =IF(L10=0,0,ROUND(E10/L10,2)) -> 0 | N10: =IF(L10=0,"🛡 Qalqon / oyna tashqarisida",IF(M10<=scout_partial,"❌ Muvaffaqiyatsiz — hech narsa koʻrinmaydi",IF(M10<=scout_full,"◐ Qisman — faqat toʻda hajmi",IF(M10<=scout_exact,"✔ Toʻliq — askar soni va oʻlja","★ Aniq — barcha raqamlar")))) -> 🛡 Qalqon / oyna tashqarisida
A11: 6 | B11: =Darajalar!B11 -> Italyan boʻrisi | C11: ='Askar iqtisodi'!C29 -> 3 | D11: ='Askar iqtisodi'!G29 -> 1 | E11: =ROUND(C11*(Rollar!$E$7*cp_w_power+Rollar!$F$7*cp_w_speed+Rollar!$G$7*cp_w_hp)*tier_coef^(D11-1)*(1+alpha_bonus*A11),0) -> 227 | F11: =IF(AND(A11>shield_newbie_level,A11-1>shield_newbie_level),E10,0) -> 0 | G11: =IF(F11=0,0,ROUND(E11/F11,2)) -> 0 | H11: =IF(F11=0,"🛡 Qalqon / oyna tashqarisida",IF(G11<=scout_partial,"❌ Muvaffaqiyatsiz — hech narsa koʻrinmaydi",IF(G11<=scout_full,"◐ Qisman — faqat toʻda hajmi",IF(G11<=scout_exact,"✔ Toʻliq — askar soni va oʻlja","★ Aniq — barcha raqamlar")))) -> 🛡 Qalqon / oyna tashqarisida | I11: =IF(A11>shield_newbie_level,E11,0) -> 0 | J11: =IF(I11=0,0,ROUND(E11/I11,2)) -> 0 | K11: =IF(I11=0,"🛡 Qalqon / oyna tashqarisida",IF(J11<=scout_partial,"❌ Muvaffaqiyatsiz — hech narsa koʻrinmaydi",IF(J11<=scout_full,"◐ Qisman — faqat toʻda hajmi",IF(J11<=scout_exact,"✔ Toʻliq — askar soni va oʻlja","★ Aniq — barcha raqamlar")))) -> 🛡 Qalqon / oyna tashqarisida | L11: =IF(A11>shield_newbie_level,E12,0) -> 0 | M11: =IF(L11=0,0,ROUND(E11/L11,2)) -> 0 | N11: =IF(L11=0,"🛡 Qalqon / oyna tashqarisida",IF(M11<=scout_partial,"❌ Muvaffaqiyatsiz — hech narsa koʻrinmaydi",IF(M11<=scout_full,"◐ Qisman — faqat toʻda hajmi",IF(M11<=scout_exact,"✔ Toʻliq — askar soni va oʻlja","★ Aniq — barcha raqamlar")))) -> 🛡 Qalqon / oyna tashqarisida
A12: 7 | B12: =Darajalar!B12 -> Meksika boʻrisi | C12: ='Askar iqtisodi'!C30 -> 3 | D12: ='Askar iqtisodi'!G30 -> 1 | E12: =ROUND(C12*(Rollar!$E$7*cp_w_power+Rollar!$F$7*cp_w_speed+Rollar!$G$7*cp_w_hp)*tier_coef^(D12-1)*(1+alpha_bonus*A12),0) -> 232 | F12: =IF(AND(A12>shield_newbie_level,A12-1>shield_newbie_level),E11,0) -> 0 | G12: =IF(F12=0,0,ROUND(E12/F12,2)) -> 0 | H12: =IF(F12=0,"🛡 Qalqon / oyna tashqarisida",IF(G12<=scout_partial,"❌ Muvaffaqiyatsiz — hech narsa koʻrinmaydi",IF(G12<=scout_full,"◐ Qisman — faqat toʻda hajmi",IF(G12<=scout_exact,"✔ Toʻliq — askar soni va oʻlja","★ Aniq — barcha raqamlar")))) -> 🛡 Qalqon / oyna tashqarisida | I12: =IF(A12>shield_newbie_level,E12,0) -> 232 | J12: =IF(I12=0,0,ROUND(E12/I12,2)) -> 1 | K12: =IF(I12=0,"🛡 Qalqon / oyna tashqarisida",IF(J12<=scout_partial,"❌ Muvaffaqiyatsiz — hech narsa koʻrinmaydi",IF(J12<=scout_full,"◐ Qisman — faqat toʻda hajmi",IF(J12<=scout_exact,"✔ Toʻliq — askar soni va oʻlja","★ Aniq — barcha raqamlar")))) -> ❌ Muvaffaqiyatsiz — hech narsa koʻrinmaydi | L12: =IF(A12>shield_newbie_level,E13,0) -> 460 | M12: =IF(L12=0,0,ROUND(E12/L12,2)) -> 0.5 | N12: =IF(L12=0,"🛡 Qalqon / oyna tashqarisida",IF(M12<=scout_partial,"❌ Muvaffaqiyatsiz — hech narsa koʻrinmaydi",IF(M12<=scout_full,"◐ Qisman — faqat toʻda hajmi",IF(M12<=scout_exact,"✔ Toʻliq — askar soni va oʻlja","★ Aniq — barcha raqamlar")))) -> ❌ Muvaffaqiyatsiz — hech narsa koʻrinmaydi
A13: 8 | B13: =Darajalar!B13 -> Sharqiy boʻri | C13: ='Askar iqtisodi'!C31 -> 4 | D13: ='Askar iqtisodi'!G31 -> 2 | E13: =ROUND(C13*(Rollar!$E$7*cp_w_power+Rollar!$F$7*cp_w_speed+Rollar!$G$7*cp_w_hp)*tier_coef^(D13-1)*(1+alpha_bonus*A13),0) -> 460 | F13: =IF(AND(A13>shield_newbie_level,A13-1>shield_newbie_level),E12,0) -> 232 | G13: =IF(F13=0,0,ROUND(E13/F13,2)) -> 1.98 | H13: =IF(F13=0,"🛡 Qalqon / oyna tashqarisida",IF(G13<=scout_partial,"❌ Muvaffaqiyatsiz — hech narsa koʻrinmaydi",IF(G13<=scout_full,"◐ Qisman — faqat toʻda hajmi",IF(G13<=scout_exact,"✔ Toʻliq — askar soni va oʻlja","★ Aniq — barcha raqamlar")))) -> ✔ Toʻliq — askar soni va oʻlja | I13: =IF(A13>shield_newbie_level,E13,0) -> 460 | J13: =IF(I13=0,0,ROUND(E13/I13,2)) -> 1 | K13: =IF(I13=0,"🛡 Qalqon / oyna tashqarisida",IF(J13<=scout_partial,"❌ Muvaffaqiyatsiz — hech narsa koʻrinmaydi",IF(J13<=scout_full,"◐ Qisman — faqat toʻda hajmi",IF(J13<=scout_exact,"✔ Toʻliq — askar soni va oʻlja","★ Aniq — barcha raqamlar")))) -> ❌ Muvaffaqiyatsiz — hech narsa koʻrinmaydi | L13: =IF(A13>shield_newbie_level,E14,0) -> 589 | M13: =IF(L13=0,0,ROUND(E13/L13,2)) -> 0.78 | N13: =IF(L13=0,"🛡 Qalqon / oyna tashqarisida",IF(M13<=scout_partial,"❌ Muvaffaqiyatsiz — hech narsa koʻrinmaydi",IF(M13<=scout_full,"◐ Qisman — faqat toʻda hajmi",IF(M13<=scout_exact,"✔ Toʻliq — askar soni va oʻlja","★ Aniq — barcha raqamlar")))) -> ❌ Muvaffaqiyatsiz — hech narsa koʻrinmaydi
A14: 9 | B14: =Darajalar!B14 -> Iberiya boʻrisi | C14: ='Askar iqtisodi'!C32 -> 5 | D14: ='Askar iqtisodi'!G32 -> 2 | E14: =ROUND(C14*(Rollar!$E$7*cp_w_power+Rollar!$F$7*cp_w_speed+Rollar!$G$7*cp_w_hp)*tier_coef^(D14-1)*(1+alpha_bonus*A14),0) -> 589 | F14: =IF(AND(A14>shield_newbie_level,A14-1>shield_newbie_level),E13,0) -> 460 | G14: =IF(F14=0,0,ROUND(E14/F14,2)) -> 1.28 | H14: =IF(F14=0,"🛡 Qalqon / oyna tashqarisida",IF(G14<=scout_partial,"❌ Muvaffaqiyatsiz — hech narsa koʻrinmaydi",IF(G14<=scout_full,"◐ Qisman — faqat toʻda hajmi",IF(G14<=scout_exact,"✔ Toʻliq — askar soni va oʻlja","★ Aniq — barcha raqamlar")))) -> ◐ Qisman — faqat toʻda hajmi | I14: =IF(A14>shield_newbie_level,E14,0) -> 589 | J14: =IF(I14=0,0,ROUND(E14/I14,2)) -> 1 | K14: =IF(I14=0,"🛡 Qalqon / oyna tashqarisida",IF(J14<=scout_partial,"❌ Muvaffaqiyatsiz — hech narsa koʻrinmaydi",IF(J14<=scout_full,"◐ Qisman — faqat toʻda hajmi",IF(J14<=scout_exact,"✔ Toʻliq — askar soni va oʻlja","★ Aniq — barcha raqamlar")))) -> ❌ Muvaffaqiyatsiz — hech narsa koʻrinmaydi | L14: =IF(A14>shield_newbie_level,E15,0) -> 724 | M14: =IF(L14=0,0,ROUND(E14/L14,2)) -> 0.81 | N14: =IF(L14=0,"🛡 Qalqon / oyna tashqarisida",IF(M14<=scout_partial,"❌ Muvaffaqiyatsiz — hech narsa koʻrinmaydi",IF(M14<=scout_full,"◐ Qisman — faqat toʻda hajmi",IF(M14<=scout_exact,"✔ Toʻliq — askar soni va oʻlja","★ Aniq — barcha raqamlar")))) -> ❌ Muvaffaqiyatsiz — hech narsa koʻrinmaydi
A15: 10 | B15: =Darajalar!B15 -> Dasht boʻrisi | C15: ='Askar iqtisodi'!C33 -> 6 | D15: ='Askar iqtisodi'!G33 -> 2 | E15: =ROUND(C15*(Rollar!$E$7*cp_w_power+Rollar!$F$7*cp_w_speed+Rollar!$G$7*cp_w_hp)*tier_coef^(D15-1)*(1+alpha_bonus*A15),0) -> 724 | F15: =IF(AND(A15>shield_newbie_level,A15-1>shield_newbie_level),E14,0) -> 589 | G15: =IF(F15=0,0,ROUND(E15/F15,2)) -> 1.23 | H15: =IF(F15=0,"🛡 Qalqon / oyna tashqarisida",IF(G15<=scout_partial,"❌ Muvaffaqiyatsiz — hech narsa koʻrinmaydi",IF(G15<=scout_full,"◐ Qisman — faqat toʻda hajmi",IF(G15<=scout_exact,"✔ Toʻliq — askar soni va oʻlja","★ Aniq — barcha raqamlar")))) -> ◐ Qisman — faqat toʻda hajmi | I15: =IF(A15>shield_newbie_level,E15,0) -> 724 | J15: =IF(I15=0,0,ROUND(E15/I15,2)) -> 1 | K15: =IF(I15=0,"🛡 Qalqon / oyna tashqarisida",IF(J15<=scout_partial,"❌ Muvaffaqiyatsiz — hech narsa koʻrinmaydi",IF(J15<=scout_full,"◐ Qisman — faqat toʻda hajmi",IF(J15<=scout_exact,"✔ Toʻliq — askar soni va oʻlja","★ Aniq — barcha raqamlar")))) -> ❌ Muvaffaqiyatsiz — hech narsa koʻrinmaydi | L15: =IF(A15>shield_newbie_level,E16,0) -> 864 | M15: =IF(L15=0,0,ROUND(E15/L15,2)) -> 0.84 | N15: =IF(L15=0,"🛡 Qalqon / oyna tashqarisida",IF(M15<=scout_partial,"❌ Muvaffaqiyatsiz — hech narsa koʻrinmaydi",IF(M15<=scout_full,"◐ Qisman — faqat toʻda hajmi",IF(M15<=scout_exact,"✔ Toʻliq — askar soni va oʻlja","★ Aniq — barcha raqamlar")))) -> ❌ Muvaffaqiyatsiz — hech narsa koʻrinmaydi
A16: 11 | B16: =Darajalar!B16 -> Himolay boʻrisi | C16: ='Askar iqtisodi'!C34 -> 7 | D16: ='Askar iqtisodi'!G34 -> 2 | E16: =ROUND(C16*(Rollar!$E$7*cp_w_power+Rollar!$F$7*cp_w_speed+Rollar!$G$7*cp_w_hp)*tier_coef^(D16-1)*(1+alpha_bonus*A16),0) -> 864 | F16: =IF(AND(A16>shield_newbie_level,A16-1>shield_newbie_level),E15,0) -> 724 | G16: =IF(F16=0,0,ROUND(E16/F16,2)) -> 1.19 | H16: =IF(F16=0,"🛡 Qalqon / oyna tashqarisida",IF(G16<=scout_partial,"❌ Muvaffaqiyatsiz — hech narsa koʻrinmaydi",IF(G16<=scout_full,"◐ Qisman — faqat toʻda hajmi",IF(G16<=scout_exact,"✔ Toʻliq — askar soni va oʻlja","★ Aniq — barcha raqamlar")))) -> ◐ Qisman — faqat toʻda hajmi | I16: =IF(A16>shield_newbie_level,E16,0) -> 864 | J16: =IF(I16=0,0,ROUND(E16/I16,2)) -> 1 | K16: =IF(I16=0,"🛡 Qalqon / oyna tashqarisida",IF(J16<=scout_partial,"❌ Muvaffaqiyatsiz — hech narsa koʻrinmaydi",IF(J16<=scout_full,"◐ Qisman — faqat toʻda hajmi",IF(J16<=scout_exact,"✔ Toʻliq — askar soni va oʻlja","★ Aniq — barcha raqamlar")))) -> ❌ Muvaffaqiyatsiz — hech narsa koʻrinmaydi | L16: =IF(A16>shield_newbie_level,E17,0) -> 1647 | M16: =IF(L16=0,0,ROUND(E16/L16,2)) -> 0.52 | N16: =IF(L16=0,"🛡 Qalqon / oyna tashqarisida",IF(M16<=scout_partial,"❌ Muvaffaqiyatsiz — hech narsa koʻrinmaydi",IF(M16<=scout_full,"◐ Qisman — faqat toʻda hajmi",IF(M16<=scout_exact,"✔ Toʻliq — askar soni va oʻlja","★ Aniq — barcha raqamlar")))) -> ❌ Muvaffaqiyatsiz — hech narsa koʻrinmaydi
A17: 12 | B17: =Darajalar!B17 -> Ezo boʻrisi | C17: ='Askar iqtisodi'!C35 -> 9 | D17: ='Askar iqtisodi'!G35 -> 3 | E17: =ROUND(C17*(Rollar!$E$7*cp_w_power+Rollar!$F$7*cp_w_speed+Rollar!$G$7*cp_w_hp)*tier_coef^(D17-1)*(1+alpha_bonus*A17),0) -> 1647 | F17: =IF(AND(A17>shield_newbie_level,A17-1>shield_newbie_level),E16,0) -> 864 | G17: =IF(F17=0,0,ROUND(E17/F17,2)) -> 1.91 | H17: =IF(F17=0,"🛡 Qalqon / oyna tashqarisida",IF(G17<=scout_partial,"❌ Muvaffaqiyatsiz — hech narsa koʻrinmaydi",IF(G17<=scout_full,"◐ Qisman — faqat toʻda hajmi",IF(G17<=scout_exact,"✔ Toʻliq — askar soni va oʻlja","★ Aniq — barcha raqamlar")))) -> ✔ Toʻliq — askar soni va oʻlja | I17: =IF(A17>shield_newbie_level,E17,0) -> 1647 | J17: =IF(I17=0,0,ROUND(E17/I17,2)) -> 1 | K17: =IF(I17=0,"🛡 Qalqon / oyna tashqarisida",IF(J17<=scout_partial,"❌ Muvaffaqiyatsiz — hech narsa koʻrinmaydi",IF(J17<=scout_full,"◐ Qisman — faqat toʻda hajmi",IF(J17<=scout_exact,"✔ Toʻliq — askar soni va oʻlja","★ Aniq — barcha raqamlar")))) -> ❌ Muvaffaqiyatsiz — hech narsa koʻrinmaydi | L17: =IF(A17>shield_newbie_level,E18,0) -> 1870 | M17: =IF(L17=0,0,ROUND(E17/L17,2)) -> 0.88 | N17: =IF(L17=0,"🛡 Qalqon / oyna tashqarisida",IF(M17<=scout_partial,"❌ Muvaffaqiyatsiz — hech narsa koʻrinmaydi",IF(M17<=scout_full,"◐ Qisman — faqat toʻda hajmi",IF(M17<=scout_exact,"✔ Toʻliq — askar soni va oʻlja","★ Aniq — barcha raqamlar")))) -> ❌ Muvaffaqiyatsiz — hech narsa koʻrinmaydi
A18: 13 | B18: =Darajalar!B18 -> Tibet boʻrisi | C18: ='Askar iqtisodi'!C36 -> 10 | D18: ='Askar iqtisodi'!G36 -> 3 | E18: =ROUND(C18*(Rollar!$E$7*cp_w_power+Rollar!$F$7*cp_w_speed+Rollar!$G$7*cp_w_hp)*tier_coef^(D18-1)*(1+alpha_bonus*A18),0) -> 1870 | F18: =IF(AND(A18>shield_newbie_level,A18-1>shield_newbie_level),E17,0) -> 1647 | G18: =IF(F18=0,0,ROUND(E18/F18,2)) -> 1.14 | H18: =IF(F18=0,"🛡 Qalqon / oyna tashqarisida",IF(G18<=scout_partial,"❌ Muvaffaqiyatsiz — hech narsa koʻrinmaydi",IF(G18<=scout_full,"◐ Qisman — faqat toʻda hajmi",IF(G18<=scout_exact,"✔ Toʻliq — askar soni va oʻlja","★ Aniq — barcha raqamlar")))) -> ◐ Qisman — faqat toʻda hajmi | I18: =IF(A18>shield_newbie_level,E18,0) -> 1870 | J18: =IF(I18=0,0,ROUND(E18/I18,2)) -> 1 | K18: =IF(I18=0,"🛡 Qalqon / oyna tashqarisida",IF(J18<=scout_partial,"❌ Muvaffaqiyatsiz — hech narsa koʻrinmaydi",IF(J18<=scout_full,"◐ Qisman — faqat toʻda hajmi",IF(J18<=scout_exact,"✔ Toʻliq — askar soni va oʻlja","★ Aniq — barcha raqamlar")))) -> ❌ Muvaffaqiyatsiz — hech narsa koʻrinmaydi | L18: =IF(A18>shield_newbie_level,E19,0) -> 2293 | M18: =IF(L18=0,0,ROUND(E18/L18,2)) -> 0.82 | N18: =IF(L18=0,"🛡 Qalqon / oyna tashqarisida",IF(M18<=scout_partial,"❌ Muvaffaqiyatsiz — hech narsa koʻrinmaydi",IF(M18<=scout_full,"◐ Qisman — faqat toʻda hajmi",IF(M18<=scout_exact,"✔ Toʻliq — askar soni va oʻlja","★ Aniq — barcha raqamlar")))) -> ❌ Muvaffaqiyatsiz — hech narsa koʻrinmaydi
... A29: 24 | B29: =Darajalar!B29 -> Fenrir | C29: ='Askar iqtisodi'!C47 -> 77 | D29: ='Askar iqtisodi'!G47 -> 6 | E29: =ROUND(C29*(Rollar!$E$7*cp_w_power+Rollar!$F$7*cp_w_speed+Rollar!$G$7*cp_w_hp)*tier_coef^(D29-1)*(1+alpha_bonus*A29),0) -> 54330 | F29: =IF(AND(A29>shield_newbie_level,A29-1>shield_newbie_level),E28,0) -> 30600 | G29: =IF(F29=0,0,ROUND(E29/F29,2)) -> 1.78 | H29: =IF(F29=0,"🛡 Qalqon / oyna tashqarisida",IF(G29<=scout_partial,"❌ Muvaffaqiyatsiz — hech narsa koʻrinmaydi",IF(G29<=scout_full,"◐ Qisman — faqat toʻda hajmi",IF(G29<=scout_exact,"✔ Toʻliq — askar soni va oʻlja","★ Aniq — barcha raqamlar")))) -> ✔ Toʻliq — askar soni va oʻlja | I29: =IF(A29>shield_newbie_level,E29,0) -> 54330 | J29: =IF(I29=0,0,ROUND(E29/I29,2)) -> 1 | K29: =IF(I29=0,"🛡 Qalqon / oyna tashqarisida",IF(J29<=scout_partial,"❌ Muvaffaqiyatsiz — hech narsa koʻrinmaydi",IF(J29<=scout_full,"◐ Qisman — faqat toʻda hajmi",IF(J29<=scout_exact,"✔ Toʻliq — askar soni va oʻlja","★ Aniq — barcha raqamlar")))) -> ❌ Muvaffaqiyatsiz — hech narsa koʻrinmaydi | L29: =IF(A29>shield_newbie_level,E30,0) -> 66046 | M29: =IF(L29=0,0,ROUND(E29/L29,2)) -> 0.82 | N29: =IF(L29=0,"🛡 Qalqon / oyna tashqarisida",IF(M29<=scout_partial,"❌ Muvaffaqiyatsiz — hech narsa koʻrinmaydi",IF(M29<=scout_full,"◐ Qisman — faqat toʻda hajmi",IF(M29<=scout_exact,"✔ Toʻliq — askar soni va oʻlja","★ Aniq — barcha raqamlar")))) -> ❌ Muvaffaqiyatsiz — hech narsa koʻrinmaydi
A30: 25 | B30: =Darajalar!B30 -> Koʻk Boʻri | C30: ='Askar iqtisodi'!C48 -> 92 | D30: ='Askar iqtisodi'!G48 -> 6 | E30: =ROUND(C30*(Rollar!$E$7*cp_w_power+Rollar!$F$7*cp_w_speed+Rollar!$G$7*cp_w_hp)*tier_coef^(D30-1)*(1+alpha_bonus*A30),0) -> 66046 | F30: =IF(AND(A30>shield_newbie_level,A30-1>shield_newbie_level),E29,0) -> 54330 | G30: =IF(F30=0,0,ROUND(E30/F30,2)) -> 1.22 | H30: =IF(F30=0,"🛡 Qalqon / oyna tashqarisida",IF(G30<=scout_partial,"❌ Muvaffaqiyatsiz — hech narsa koʻrinmaydi",IF(G30<=scout_full,"◐ Qisman — faqat toʻda hajmi",IF(G30<=scout_exact,"✔ Toʻliq — askar soni va oʻlja","★ Aniq — barcha raqamlar")))) -> ◐ Qisman — faqat toʻda hajmi | I30: =IF(A30>shield_newbie_level,E30,0) -> 66046 | J30: =IF(I30=0,0,ROUND(E30/I30,2)) -> 1 | K30: =IF(I30=0,"🛡 Qalqon / oyna tashqarisida",IF(J30<=scout_partial,"❌ Muvaffaqiyatsiz — hech narsa koʻrinmaydi",IF(J30<=scout_full,"◐ Qisman — faqat toʻda hajmi",IF(J30<=scout_exact,"✔ Toʻliq — askar soni va oʻlja","★ Aniq — barcha raqamlar")))) -> ❌ Muvaffaqiyatsiz — hech narsa koʻrinmaydi | L30: 0 | M30: =IF(L30=0,0,ROUND(E30/L30,2)) -> 0 | N30: =IF(L30=0,"🛡 Qalqon / oyna tashqarisida",IF(M30<=scout_partial,"❌ Muvaffaqiyatsiz — hech narsa koʻrinmaydi",IF(M30<=scout_full,"◐ Qisman — faqat toʻda hajmi",IF(M30<=scout_exact,"✔ Toʻliq — askar soni va oʻlja","★ Aniq — barcha raqamlar")))) -> 🛡 Qalqon / oyna tashqarisida
A31: NATIJA BOSQICHLARI — nisbat = oʻz razvedka kuchi ÷ raqib razvedka kuchi
A32: Nisbat | B32: Natija | C32: Nima koʻrinadi | D32: Raqib biladimi?
A33: ≤ 1.00 | B33: ❌ Muvaffaqiyatsiz | C33: Hech narsa. Razvedkachilarning 10% i jarohatlanadi | D33: Ha — «kimdir sizni kuzatdi» ogohlantirishi keladi
A34: 1.00 – 1.50 | B34: ◐ Qisman | C34: Faqat umumiy toʻda hajmi (masalan «~15 boʻri») | D34: Yoʻq
A35: 1.50 – 2.50 | B35: ✔ Toʻliq | C35: Rollar boʻyicha askar soni + taxminiy oʻlja (±20%) | D35: Yoʻq
A36: > 2.50 | B36: ★ Aniq | C36: Aniq raqamlar, Oziq gʻori darajasi, himoya %, qalqon holati | D36: Yoʻq
A37: QOIDALAR
A38: Razvedka kuchi | B38: Razvedkachilar soni × tier koeffitsienti × (1 + alfa bonusi × daraja)
A39: Oyna | B39: Hujum bilan bir xil: −1, teng, +1 daraja. 1–6 daraja qalqon ostida
A40: Kutish vaqti | B40: 10 daqiqa — spam razvedkaning oldini oladi
A41: Maʼlumot muddati | B41: 30 daqiqa. Keyin ombor oʻzgargan boʻlishi mumkin — qayta razvedka kerak
A42: Muvaffaqiyatsizlik narxi | B42: Razvedkachilarning 10% i jarohatlanadi (Shifo gʻorida davolanadi)
A43: Himoyachi uchun | B43: Faqat muvaffaqiyatsiz razvedkani koʻradi — muvaffaqiyatli razvedka jim oʻtadi
A44: Strategik maʼnosi | B44: Razvedkachi saqlash = koʻrinmas himoya. Ularni tashlagan oʻyinchi oshkora qoladi
A45: Jadvaldagi raqamlar tavsiya etilgan taqsimotga (20% razvedkachi) asoslangan — shuning uchun teng darajadagi nisbat 1.00, yaʼni razvedka muvaffaqiyatsiz.
A46: Bu ataylab shunday: teng raqibni koʻrish uchun oʻyinchi razvedkachilar sonini tavsiyadan oshirishi kerak — bu esa hujumchilar sonini kamaytiradi. Asosiy tanlov shu.
A47: Nisbat 0.95–1.05 oraligʻida natija tasodifiy: 50% muvaffaqiyatsiz, 50% qisman (oʻyinda; jadval aniq chegarani koʻrsatadi).

Sheet Lager va oazis
A3: Lager va oazis — indan tashqarida resurs yigʻish
A4: Maqsad: resursni xavfsiz indan xavfli xaritaga koʻchirish. Tez yigʻasiz, lekin himoyasiz qolasiz.
A5: Daraja | B5: Boʻri nomi | C5: Toʻda hajmi | D5: Lagerga yuborish (maks) | E5: Ovchi tier | F5: Soatlik yigʻim | G5: 8 soatlik jami | H5: Ustaxona kunlik | I5: Lager ulushi (60% tavan) | J5: Inda qolgan himoyachi | K5: Risk holati
A6: 1 | B6: =Darajalar!B6 -> Honsyu boʻrisi | C6: =Darajalar!O6 -> 1 | D6: =MAX(1,ROUND(C6*camp_send_share,0)) -> 1 | E6: ='Askar iqtisodi'!G24 -> 1 | F6: =ROUND(MIN(D6*prod_base*prod_growth^(A6-1)*camp_rate*(1+camp_tier_bonus*E6),camp_yield_share_max*H6/camp_hours),0) -> 2 | G6: =F6*camp_hours -> 16 | H6: =ROUND(prod_base*prod_growth^(A6-1)*24,0) -> 480 | I6: =MIN(camp_yield_share_max,D6*prod_base*prod_growth^(A6-1)*camp_rate*(1+camp_tier_bonus*E6)*camp_hours/H6) -> 0.035 | J6: ='Askar iqtisodi'!E24 -> 0 | K6: =IF(A6<pack_unlock_level,"Lager ochilmagan",IF(D6*prod_base*prod_growth^(A6-1)*camp_rate*(1+camp_tier_bonus*E6)*camp_hours/H6>camp_yield_share_max,"Tavan: xom ulush "&TEXT(D6*prod_base*prod_growth^(A6-1)*camp_rate*(1+camp_tier_bonus*E6)*camp_hours/H6,"0%")&" → "&TEXT(camp_yield_share_max,"0%"),"Muvozanatli")) -> Lager ochilmagan
A7: 2 | B7: =Darajalar!B7 -> Efiopiya boʻrisi | C7: =Darajalar!O7 -> 1 | D7: =MAX(1,ROUND(C7*camp_send_share,0)) -> 1 | E7: ='Askar iqtisodi'!G25 -> 1 | F7: =ROUND(MIN(D7*prod_base*prod_growth^(A7-1)*camp_rate*(1+camp_tier_bonus*E7),camp_yield_share_max*H7/camp_hours),0) -> 3 | G7: =F7*camp_hours -> 24 | H7: =ROUND(prod_base*prod_growth^(A7-1)*24,0) -> 586 | I7: =MIN(camp_yield_share_max,D7*prod_base*prod_growth^(A7-1)*camp_rate*(1+camp_tier_bonus*E7)*camp_hours/H7) -> 0.034976109 | J7: ='Askar iqtisodi'!E25 -> 0 | K7: =IF(A7<pack_unlock_level,"Lager ochilmagan",IF(D7*prod_base*prod_growth^(A7-1)*camp_rate*(1+camp_tier_bonus*E7)*camp_hours/H7>camp_yield_share_max,"Tavan: xom ulush "&TEXT(D7*prod_base*prod_growth^(A7-1)*camp_rate*(1+camp_tier_bonus*E7)*camp_hours/H7,"0%")&" → "&TEXT(camp_yield_share_max,"0%"),"Muvozanatli")) -> Lager ochilmagan
A8: 3 | B8: =Darajalar!B8 -> Arab boʻrisi | C8: =Darajalar!O8 -> 1 | D8: =MAX(1,ROUND(C8*camp_send_share,0)) -> 1 | E8: ='Askar iqtisodi'!G26 -> 1 | F8: =ROUND(MIN(D8*prod_base*prod_growth^(A8-1)*camp_rate*(1+camp_tier_bonus*E8),camp_yield_share_max*H8/camp_hours),0) -> 3 | G8: =F8*camp_hours -> 24 | H8: =ROUND(prod_base*prod_growth^(A8-1)*24,0) -> 714 | I8: =MIN(camp_yield_share_max,D8*prod_base*prod_growth^(A8-1)*camp_rate*(1+camp_tier_bonus*E8)*camp_hours/H8) -> 0.035021176 | J8: ='Askar iqtisodi'!E26 -> 0 | K8: =IF(A8<pack_unlock_level,"Lager ochilmagan",IF(D8*prod_base*prod_growth^(A8-1)*camp_rate*(1+camp_tier_bonus*E8)*camp_hours/H8>camp_yield_share_max,"Tavan: xom ulush "&TEXT(D8*prod_base*prod_growth^(A8-1)*camp_rate*(1+camp_tier_bonus*E8)*camp_hours/H8,"0%")&" → "&TEXT(camp_yield_share_max,"0%"),"Muvozanatli")) -> Lager ochilmagan
A9: 4 | B9: =Darajalar!B9 -> Hind boʻrisi | C9: =Darajalar!O9 -> 10 | D9: =MAX(1,ROUND(C9*camp_send_share,0)) -> 5 | E9: ='Askar iqtisodi'!G27 -> 1 | F9: =ROUND(MIN(D9*prod_base*prod_growth^(A9-1)*camp_rate*(1+camp_tier_bonus*E9),camp_yield_share_max*H9/camp_hours),0) -> 19 | G9: =F9*camp_hours -> 152 | H9: =ROUND(prod_base*prod_growth^(A9-1)*24,0) -> 872 | I9: =MIN(camp_yield_share_max,D9*prod_base*prod_growth^(A9-1)*camp_rate*(1+camp_tier_bonus*E9)*camp_hours/H9) -> 0.17492114 | J9: ='Askar iqtisodi'!E27 -> 2 | K9: =IF(A9<pack_unlock_level,"Lager ochilmagan",IF(D9*prod_base*prod_growth^(A9-1)*camp_rate*(1+camp_tier_bonus*E9)*camp_hours/H9>camp_yield_share_max,"Tavan: xom ulush "&TEXT(D9*prod_base*prod_growth^(A9-1)*camp_rate*(1+camp_tier_bonus*E9)*camp_hours/H9,"0%")&" → "&TEXT(camp_yield_share_max,"0%"),"Muvozanatli")) -> Muvozanatli
A10: 5 | B10: =Darajalar!B10 -> Qizil boʻri | C10: =Darajalar!O10 -> 12 | D10: =MAX(1,ROUND(C10*camp_send_share,0)) -> 6 | E10: ='Askar iqtisodi'!G28 -> 1 | F10: =ROUND(MIN(D10*prod_base*prod_growth^(A10-1)*camp_rate*(1+camp_tier_bonus*E10),camp_yield_share_max*H10/camp_hours),0) -> 28 | G10: =F10*camp_hours -> 224 | H10: =ROUND(prod_base*prod_growth^(A10-1)*24,0) -> 1063 | I10: =MIN(camp_yield_share_max,D10*prod_base*prod_growth^(A10-1)*camp_rate*(1+camp_tier_bonus*E10)*camp_hours/H10) -> 0.21007124 | J10: ='Askar iqtisodi'!E28 -> 2 | K10: =IF(A10<pack_unlock_level,"Lager ochilmagan",IF(D10*prod_base*prod_growth^(A10-1)*camp_rate*(1+camp_tier_bonus*E10)*camp_hours/H10>camp_yield_share_max,"Tavan: xom ulush "&TEXT(D10*prod_base*prod_growth^(A10-1)*camp_rate*(1+camp_tier_bonus*E10)*camp_hours/H10,"0%")&" → "&TEXT(camp_yield_share_max,"0%"),"Muvozanatli")) -> Muvozanatli
A11: 6 | B11: =Darajalar!B11 -> Italyan boʻrisi | C11: =Darajalar!O11 -> 14 | D11: =MAX(1,ROUND(C11*camp_send_share,0)) -> 7 | E11: ='Askar iqtisodi'!G29 -> 1 | F11: =ROUND(MIN(D11*prod_base*prod_growth^(A11-1)*camp_rate*(1+camp_tier_bonus*E11),camp_yield_share_max*H11/camp_hours),0) -> 40 | G11: =F11*camp_hours -> 320 | H11: =ROUND(prod_base*prod_growth^(A11-1)*24,0) -> 1297 | I11: =MIN(camp_yield_share_max,D11*prod_base*prod_growth^(A11-1)*camp_rate*(1+camp_tier_bonus*E11)*camp_hours/H11) -> 0.24505665 | J11: ='Askar iqtisodi'!E29 -> 3 | K11: =IF(A11<pack_unlock_level,"Lager ochilmagan",IF(D11*prod_base*prod_growth^(A11-1)*camp_rate*(1+camp_tier_bonus*E11)*camp_hours/H11>camp_yield_share_max,"Tavan: xom ulush "&TEXT(D11*prod_base*prod_growth^(A11-1)*camp_rate*(1+camp_tier_bonus*E11)*camp_hours/H11,"0%")&" → "&TEXT(camp_yield_share_max,"0%"),"Muvozanatli")) -> Muvozanatli
A12: 7 | B12: =Darajalar!B12 -> Meksika boʻrisi | C12: =Darajalar!O12 -> 17 | D12: =MAX(1,ROUND(C12*camp_send_share,0)) -> 9 | E12: ='Askar iqtisodi'!G30 -> 1 | F12: =ROUND(MIN(D12*prod_base*prod_growth^(A12-1)*camp_rate*(1+camp_tier_bonus*E12),camp_yield_share_max*H12/camp_hours),0) -> 62 | G12: =F12*camp_hours -> 496 | H12: =ROUND(prod_base*prod_growth^(A12-1)*24,0) -> 1583 | I12: =MIN(camp_yield_share_max,D12*prod_base*prod_growth^(A12-1)*camp_rate*(1+camp_tier_bonus*E12)*camp_hours/H12) -> 0.31494148 | J12: ='Askar iqtisodi'!E30 -> 3 | K12: =IF(A12<pack_unlock_level,"Lager ochilmagan",IF(D12*prod_base*prod_growth^(A12-1)*camp_rate*(1+camp_tier_bonus*E12)*camp_hours/H12>camp_yield_share_max,"Tavan: xom ulush "&TEXT(D12*prod_base*prod_growth^(A12-1)*camp_rate*(1+camp_tier_bonus*E12)*camp_hours/H12,"0%")&" → "&TEXT(camp_yield_share_max,"0%"),"Muvozanatli")) -> Muvozanatli
A13: 8 | B13: =Darajalar!B13 -> Sharqiy boʻri | C13: =Darajalar!O13 -> 21 | D13: =MAX(1,ROUND(C13*camp_send_share,0)) -> 11 | E13: ='Askar iqtisodi'!G31 -> 2 | F13: =ROUND(MIN(D13*prod_base*prod_growth^(A13-1)*camp_rate*(1+camp_tier_bonus*E13),camp_yield_share_max*H13/camp_hours),0) -> 97 | G13: =F13*camp_hours -> 776 | H13: =ROUND(prod_base*prod_growth^(A13-1)*24,0) -> 1931 | I13: =MIN(camp_yield_share_max,D13*prod_base*prod_growth^(A13-1)*camp_rate*(1+camp_tier_bonus*E13)*camp_hours/H13) -> 0.4033127 | J13: ='Askar iqtisodi'!E31 -> 4 | K13: =IF(A13<pack_unlock_level,"Lager ochilmagan",IF(D13*prod_base*prod_growth^(A13-1)*camp_rate*(1+camp_tier_bonus*E13)*camp_hours/H13>camp_yield_share_max,"Tavan: xom ulush "&TEXT(D13*prod_base*prod_growth^(A13-1)*camp_rate*(1+camp_tier_bonus*E13)*camp_hours/H13,"0%")&" → "&TEXT(camp_yield_share_max,"0%"),"Muvozanatli")) -> Muvozanatli
A14: 9 | B14: =Darajalar!B14 -> Iberiya boʻrisi | C14: =Darajalar!O14 -> 25 | D14: =MAX(1,ROUND(C14*camp_send_share,0)) -> 13 | E14: ='Askar iqtisodi'!G32 -> 2 | F14: =ROUND(MIN(D14*prod_base*prod_growth^(A14-1)*camp_rate*(1+camp_tier_bonus*E14),camp_yield_share_max*H14/camp_hours),0) -> 140 | G14: =F14*camp_hours -> 1120 | H14: =ROUND(prod_base*prod_growth^(A14-1)*24,0) -> 2356 | I14: =MIN(camp_yield_share_max,D14*prod_base*prod_growth^(A14-1)*camp_rate*(1+camp_tier_bonus*E14)*camp_hours/H14) -> 0.47660586 | J14: ='Askar iqtisodi'!E32 -> 5 | K14: =IF(A14<pack_unlock_level,"Lager ochilmagan",IF(D14*prod_base*prod_growth^(A14-1)*camp_rate*(1+camp_tier_bonus*E14)*camp_hours/H14>camp_yield_share_max,"Tavan: xom ulush "&TEXT(D14*prod_base*prod_growth^(A14-1)*camp_rate*(1+camp_tier_bonus*E14)*camp_hours/H14,"0%")&" → "&TEXT(camp_yield_share_max,"0%"),"Muvozanatli")) -> Muvozanatli
A15: 10 | B15: =Darajalar!B15 -> Dasht boʻrisi | C15: =Darajalar!O15 -> 30 | D15: =MAX(1,ROUND(C15*camp_send_share,0)) -> 15 | E15: ='Askar iqtisodi'!G33 -> 2 | F15: =ROUND(MIN(D15*prod_base*prod_growth^(A15-1)*camp_rate*(1+camp_tier_bonus*E15),camp_yield_share_max*H15/camp_hours),0) -> 198 | G15: =F15*camp_hours -> 1584 | H15: =ROUND(prod_base*prod_growth^(A15-1)*24,0) -> 2874 | I15: =MIN(camp_yield_share_max,D15*prod_base*prod_growth^(A15-1)*camp_rate*(1+camp_tier_bonus*E15)*camp_hours/H15) -> 0.54999107 | J15: ='Askar iqtisodi'!E33 -> 6 | K15: =IF(A15<pack_unlock_level,"Lager ochilmagan",IF(D15*prod_base*prod_growth^(A15-1)*camp_rate*(1+camp_tier_bonus*E15)*camp_hours/H15>camp_yield_share_max,"Tavan: xom ulush "&TEXT(D15*prod_base*prod_growth^(A15-1)*camp_rate*(1+camp_tier_bonus*E15)*camp_hours/H15,"0%")&" → "&TEXT(camp_yield_share_max,"0%"),"Muvozanatli")) -> Muvozanatli
A16: 11 | B16: =Darajalar!B16 -> Himolay boʻrisi | C16: =Darajalar!O16 -> 36 | D16: =MAX(1,ROUND(C16*camp_send_share,0)) -> 18 | E16: ='Askar iqtisodi'!G34 -> 2 | F16: =ROUND(MIN(D16*prod_base*prod_growth^(A16-1)*camp_rate*(1+camp_tier_bonus*E16),camp_yield_share_max*H16/camp_hours),0) -> 263 | G16: =F16*camp_hours -> 2104 | H16: =ROUND(prod_base*prod_growth^(A16-1)*24,0) -> 3506 | I16: =MIN(camp_yield_share_max,D16*prod_base*prod_growth^(A16-1)*camp_rate*(1+camp_tier_bonus*E16)*camp_hours/H16) -> 0.6 | J16: ='Askar iqtisodi'!E34 -> 7 | K16: =IF(A16<pack_unlock_level,"Lager ochilmagan",IF(D16*prod_base*prod_growth^(A16-1)*camp_rate*(1+camp_tier_bonus*E16)*camp_hours/H16>camp_yield_share_max,"Tavan: xom ulush "&TEXT(D16*prod_base*prod_growth^(A16-1)*camp_rate*(1+camp_tier_bonus*E16)*camp_hours/H16,"0%")&" → "&TEXT(camp_yield_share_max,"0%"),"Muvozanatli")) -> Tavan: xom ulush 66% → 60%
A17: 12 | B17: =Darajalar!B17 -> Ezo boʻrisi | C17: =Darajalar!O17 -> 43 | D17: =MAX(1,ROUND(C17*camp_send_share,0)) -> 22 | E17: ='Askar iqtisodi'!G35 -> 3 | F17: =ROUND(MIN(D17*prod_base*prod_growth^(A17-1)*camp_rate*(1+camp_tier_bonus*E17),camp_yield_share_max*H17/camp_hours),0) -> 321 | G17: =F17*camp_hours -> 2568 | H17: =ROUND(prod_base*prod_growth^(A17-1)*24,0) -> 4278 | I17: =MIN(camp_yield_share_max,D17*prod_base*prod_growth^(A17-1)*camp_rate*(1+camp_tier_bonus*E17)*camp_hours/H17) -> 0.6 | J17: ='Askar iqtisodi'!E35 -> 9 | K17: =IF(A17<pack_unlock_level,"Lager ochilmagan",IF(D17*prod_base*prod_growth^(A17-1)*camp_rate*(1+camp_tier_bonus*E17)*camp_hours/H17>camp_yield_share_max,"Tavan: xom ulush "&TEXT(D17*prod_base*prod_growth^(A17-1)*camp_rate*(1+camp_tier_bonus*E17)*camp_hours/H17,"0%")&" → "&TEXT(camp_yield_share_max,"0%"),"Muvozanatli")) -> Tavan: xom ulush 84% → 60%
... A30: 25 | B30: =Darajalar!B30 -> Koʻk Boʻri | C30: =Darajalar!O30 -> 460 | D30: =MAX(1,ROUND(C30*camp_send_share,0)) -> 230 | E30: ='Askar iqtisodi'!G48 -> 6 | F30: =ROUND(MIN(D30*prod_base*prod_growth^(A30-1)*camp_rate*(1+camp_tier_bonus*E30),camp_yield_share_max*H30/camp_hours),0) -> 4255 | G30: =F30*camp_hours -> 34040 | H30: =ROUND(prod_base*prod_growth^(A30-1)*24,0) -> 56738 | I30: =MIN(camp_yield_share_max,D30*prod_base*prod_growth^(A30-1)*camp_rate*(1+camp_tier_bonus*E30)*camp_hours/H30) -> 0.6 | J30: ='Askar iqtisodi'!E48 -> 92 | K30: =IF(A30<pack_unlock_level,"Lager ochilmagan",IF(D30*prod_base*prod_growth^(A30-1)*camp_rate*(1+camp_tier_bonus*E30)*camp_hours/H30>camp_yield_share_max,"Tavan: xom ulush "&TEXT(D30*prod_base*prod_growth^(A30-1)*camp_rate*(1+camp_tier_bonus*E30)*camp_hours/H30,"0%")&" → "&TEXT(camp_yield_share_max,"0%"),"Muvozanatli")) -> Tavan: xom ulush 997% → 60%
A31: 🏕 LAGER QOIDALARI | D31: 🌴 OAZIS TURLARI — serverda cheklangan sonda
A32: Oazis | B32: Bonusi | C32: Serverda soni | D32: Egallash talabi
A33: Yuborish | B33: ="Toʻdaning eng koʻpi "&TEXT(camp_send_share,"0%")&" i. Ular indan chiqadi — in himoyasi shu qadar zaiflashadi" -> Toʻdaning eng koʻpi 50% i. Ular indan chiqadi — in himoyasi shu qadar zaiflashadi | D33: 💧 Suv oazisi | E33: Suv ishlab chiqarish +12% | F33: 8 | G33: 6+ daraja, 3 hujumchi
A34: Muddat | B34: =camp_hours&" soat. Keyin toʻda avtomatik inga qaytadi" -> 8 soat. Keyin toʻda avtomatik inga qaytadi | D34: 🌿 Oʻt oazisi | E34: Davolash tezligi +20% | F34: 5 | G34: 8+ daraja, 5 hujumchi
A35: Himoya | B35: Lager 0% himoyalangan — hujum boʻlsa yigʻilgan resurs toʻliq ketadi | D35: 🪨 Tosh konи | E35: Tosh yigʻish +15% | F35: 4 | G35: 12+ daraja, 8 hujumchi
A36: Hujum oynasi | B36: PvP bilan bir xil: −1, teng, +1 daraja | D36: 🦴 Suyak dalasi | E36: Suyak yigʻish +15% | F36: 2 | G36: 16+ daraja, toʻda urushi
A37: Razvedka | B37: Lagerni razvedka qilish oson (ochiq joy) — nisbat 0.8 dan yetarli | D37: 🌕 Oy mehrobi | E37: Oy nuri ishlab chiqarishi +40% (ehtiyojning 72% → 100%) | F37: 1 | G37: 20+ daraja, butun toʻda
A38: Erta qaytarish | B38: Istalgan vaqtda chaqirish mumkin; yigʻilgani saqlanadi, qaytish 30 daqiqa
A39: Strategik maʼno | B39: Tez resurs uchun in himoyasini vaqtincha qurbon qilasiz
D40: 🌴 OAZIS QOIDALARI
A41: Lager ulushi = MIN(60%, 8 soatlik lager yigʻimi ÷ Ustaxona kunlik ishlab chiqarishi). Xom ulush faqat qoʻshin hajmi bilan oʻsadi (25-darajada 997%), shuning uchun 60% tavan qoʻyilgan — u 11-darajadan ishga tushadi. | D41: Egalik | E41: Oazis toʻdaga tegishli, bitta oʻyinchiga emas — bonus barcha aʼzolarga tarqaladi
D42: Ushlab turish | E42: Egallangandan keyin 24 soat hujum qilib boʻlmaydi (spam almashinuvning oldini oladi)
D43: Tortib olish | E43: Faqat jang bilan. Egasining himoyachilari oazisda turadi
D44: Cheklov | E44: Bir toʻda eng koʻpi 3 ta oazis ushlay oladi — monopoliya boʻlmasligi uchun
D45: Yoʻqotish | E45: Oazis qoʻldan ketsa bonus darhol toʻxtaydi, yigʻilgan resurs qoladi
D46: Maqsadi | E46: PvP sababi oʻlja emas, NUQTA boʻlsin — bu uzoq muddatli raqobat yaratadi

Sheet Profil
A3: Oʻyinchi profili — qaysi rolda, qaysi tierda nechta boʻri
A4: Koʻk katakka (B5) oʻyinchi darajasini yozing — butun profil qayta hisoblanadi.
A5: Oʻyinchi darajasi | B5: 19
A6: Boʻri nomi | B6: =INDEX(Darajalar!$B$6:$B$30,B5) -> Makkenzi vodiysi boʻrisi
A7: Toʻda hajmi (jami boʻri) | B7: =INDEX(Darajalar!$O$6:$O$30,B5) -> 154
A8: Maksimal tier | B8: =MAX(1,MIN(6,INT(B5/tier_step_level))) -> 4
A9: Rol slotlari | B9: =IF(B5<pack_unlock_level,0,ROUND(B7*share_scout,0)) -> 31 | C9: =B7-B9-D9-E9 -> 69 | D9: =IF(B5<pack_unlock_level,0,ROUND(B7*share_defender,0)) -> 31 | E9: =IF(B5<pack_unlock_level,1,MAX(1,ROUND(B7*share_hunter,0))) -> 23
A10: BOʻRILAR SONI — rol × tier
A11: Tier | B11: 🔍 Razvedkachi | C11: ⚔️ Hujumchi | D11: 🛡 Himoyachi | E11: 🥩 Ovchi | F11: Jami | G11: Bitta boʻri CP
A12: 1 — Yosh | B12: =B$9-SUM(B13:B17) -> 13 | C12: =C$9-SUM(C13:C17) -> 27 | D12: =D$9-SUM(D13:D17) -> 13 | E12: =E$9-SUM(E13:E17) -> 9 | F12: =SUM(B12:E12) -> 62 | G12: =ROUND((Rollar!$E$8*cp_w_power+Rollar!$F$8*cp_w_speed+Rollar!$G$8*cp_w_hp)*tier_coef^(1-1)*(1+alpha_bonus*$B$5),0) -> 126
A13: 2 — Tajribali | B13: =IF(2>$B$8,0,ROUND(B$9*($B$8-2+1)/($B$8*($B$8+1)/2),0)) -> 9 | C13: =IF(2>$B$8,0,ROUND(C$9*($B$8-2+1)/($B$8*($B$8+1)/2),0)) -> 21 | D13: =IF(2>$B$8,0,ROUND(D$9*($B$8-2+1)/($B$8*($B$8+1)/2),0)) -> 9 | E13: =IF(2>$B$8,0,ROUND(E$9*($B$8-2+1)/($B$8*($B$8+1)/2),0)) -> 7 | F13: =SUM(B13:E13) -> 46 | G13: =ROUND((Rollar!$E$8*cp_w_power+Rollar!$F$8*cp_w_speed+Rollar!$G$8*cp_w_hp)*tier_coef^(2-1)*(1+alpha_bonus*$B$5),0) -> 183
A14: 3 — Urushchi | B14: =IF(3>$B$8,0,ROUND(B$9*($B$8-3+1)/($B$8*($B$8+1)/2),0)) -> 6 | C14: =IF(3>$B$8,0,ROUND(C$9*($B$8-3+1)/($B$8*($B$8+1)/2),0)) -> 14 | D14: =IF(3>$B$8,0,ROUND(D$9*($B$8-3+1)/($B$8*($B$8+1)/2),0)) -> 6 | E14: =IF(3>$B$8,0,ROUND(E$9*($B$8-3+1)/($B$8*($B$8+1)/2),0)) -> 5 | F14: =SUM(B14:E14) -> 31 | G14: =ROUND((Rollar!$E$8*cp_w_power+Rollar!$F$8*cp_w_speed+Rollar!$G$8*cp_w_hp)*tier_coef^(3-1)*(1+alpha_bonus*$B$5),0) -> 266
A15: 4 — Veteran | B15: =IF(4>$B$8,0,ROUND(B$9*($B$8-4+1)/($B$8*($B$8+1)/2),0)) -> 3 | C15: =IF(4>$B$8,0,ROUND(C$9*($B$8-4+1)/($B$8*($B$8+1)/2),0)) -> 7 | D15: =IF(4>$B$8,0,ROUND(D$9*($B$8-4+1)/($B$8*($B$8+1)/2),0)) -> 3 | E15: =IF(4>$B$8,0,ROUND(E$9*($B$8-4+1)/($B$8*($B$8+1)/2),0)) -> 2 | F15: =SUM(B15:E15) -> 15 | G15: =ROUND((Rollar!$E$8*cp_w_power+Rollar!$F$8*cp_w_speed+Rollar!$G$8*cp_w_hp)*tier_coef^(4-1)*(1+alpha_bonus*$B$5),0) -> 385
A16: 5 — Elita | B16: =IF(5>$B$8,0,ROUND(B$9*($B$8-5+1)/($B$8*($B$8+1)/2),0)) -> 0 | C16: =IF(5>$B$8,0,ROUND(C$9*($B$8-5+1)/($B$8*($B$8+1)/2),0)) -> 0 | D16: =IF(5>$B$8,0,ROUND(D$9*($B$8-5+1)/($B$8*($B$8+1)/2),0)) -> 0 | E16: =IF(5>$B$8,0,ROUND(E$9*($B$8-5+1)/($B$8*($B$8+1)/2),0)) -> 0 | F16: =SUM(B16:E16) -> 0 | G16: =ROUND((Rollar!$E$8*cp_w_power+Rollar!$F$8*cp_w_speed+Rollar!$G$8*cp_w_hp)*tier_coef^(5-1)*(1+alpha_bonus*$B$5),0) -> 559
A17: 6 — Afsonaviy | B17: =IF(6>$B$8,0,ROUND(B$9*($B$8-6+1)/($B$8*($B$8+1)/2),0)) -> 0 | C17: =IF(6>$B$8,0,ROUND(C$9*($B$8-6+1)/($B$8*($B$8+1)/2),0)) -> 0 | D17: =IF(6>$B$8,0,ROUND(D$9*($B$8-6+1)/($B$8*($B$8+1)/2),0)) -> 0 | E17: =IF(6>$B$8,0,ROUND(E$9*($B$8-6+1)/($B$8*($B$8+1)/2),0)) -> 0 | F17: =SUM(B17:E17) -> 0 | G17: =ROUND((Rollar!$E$8*cp_w_power+Rollar!$F$8*cp_w_speed+Rollar!$G$8*cp_w_hp)*tier_coef^(6-1)*(1+alpha_bonus*$B$5),0) -> 810
A18: JAMI | B18: =SUM(B12:B17) -> 31 | C18: =SUM(C12:C17) -> 69 | D18: =SUM(D12:D17) -> 31 | E18: =SUM(E12:E17) -> 23 | F18: =SUM(F12:F17) -> 154
A19: JANGOVAR QUVVAT — rol × tier
A20: Tier | B20: 🔍 Razvedkachi | C20: ⚔️ Hujumchi | D20: 🛡 Himoyachi | E20: 🥩 Ovchi | F20: Jami CP
A21: 1 — Yosh | B21: =ROUND(B12*(Rollar!$E$7*cp_w_power+Rollar!$F$7*cp_w_speed+Rollar!$G$7*cp_w_hp)*tier_coef^(1-1)*(1+alpha_bonus*$B$5),0) -> 1306 | C21: =ROUND(C12*(Rollar!$E$8*cp_w_power+Rollar!$F$8*cp_w_speed+Rollar!$G$8*cp_w_hp)*tier_coef^(1-1)*(1+alpha_bonus*$B$5),0) -> 3412 | D21: =ROUND(D12*(Rollar!$E$9*cp_w_power+Rollar!$F$9*cp_w_speed+Rollar!$G$9*cp_w_hp)*tier_coef^(1-1)*(1+alpha_bonus*$B$5),0) -> 1653 | E21: =ROUND(E12*(Rollar!$E$10*cp_w_power+Rollar!$F$10*cp_w_speed+Rollar!$G$10*cp_w_hp)*tier_coef^(1-1)*(1+alpha_bonus*$B$5),0) -> 862 | F21: =SUM(B21:E21) -> 7233
A22: 2 — Tajribali | B22: =ROUND(B13*(Rollar!$E$7*cp_w_power+Rollar!$F$7*cp_w_speed+Rollar!$G$7*cp_w_hp)*tier_coef^(2-1)*(1+alpha_bonus*$B$5),0) -> 1311 | C22: =ROUND(C13*(Rollar!$E$8*cp_w_power+Rollar!$F$8*cp_w_speed+Rollar!$G$8*cp_w_hp)*tier_coef^(2-1)*(1+alpha_bonus*$B$5),0) -> 3848 | D22: =ROUND(D13*(Rollar!$E$9*cp_w_power+Rollar!$F$9*cp_w_speed+Rollar!$G$9*cp_w_hp)*tier_coef^(2-1)*(1+alpha_bonus*$B$5),0) -> 1660 | E22: =ROUND(E13*(Rollar!$E$10*cp_w_power+Rollar!$F$10*cp_w_speed+Rollar!$G$10*cp_w_hp)*tier_coef^(2-1)*(1+alpha_bonus*$B$5),0) -> 972 | F22: =SUM(B22:E22) -> 7791
A23: 3 — Urushchi | B23: =ROUND(B14*(Rollar!$E$7*cp_w_power+Rollar!$F$7*cp_w_speed+Rollar!$G$7*cp_w_hp)*tier_coef^(3-1)*(1+alpha_bonus*$B$5),0) -> 1268 | C23: =ROUND(C14*(Rollar!$E$8*cp_w_power+Rollar!$F$8*cp_w_speed+Rollar!$G$8*cp_w_hp)*tier_coef^(3-1)*(1+alpha_bonus*$B$5),0) -> 3720 | D23: =ROUND(D14*(Rollar!$E$9*cp_w_power+Rollar!$F$9*cp_w_speed+Rollar!$G$9*cp_w_hp)*tier_coef^(3-1)*(1+alpha_bonus*$B$5),0) -> 1604 | E23: =ROUND(E14*(Rollar!$E$10*cp_w_power+Rollar!$F$10*cp_w_speed+Rollar!$G$10*cp_w_hp)*tier_coef^(3-1)*(1+alpha_bonus*$B$5),0) -> 1007 | F23: =SUM(B23:E23) -> 7599
A24: 4 — Veteran | B24: =ROUND(B15*(Rollar!$E$7*cp_w_power+Rollar!$F$7*cp_w_speed+Rollar!$G$7*cp_w_hp)*tier_coef^(4-1)*(1+alpha_bonus*$B$5),0) -> 919 | C24: =ROUND(C15*(Rollar!$E$8*cp_w_power+Rollar!$F$8*cp_w_speed+Rollar!$G$8*cp_w_hp)*tier_coef^(4-1)*(1+alpha_bonus*$B$5),0) -> 2697 | D24: =ROUND(D15*(Rollar!$E$9*cp_w_power+Rollar!$F$9*cp_w_speed+Rollar!$G$9*cp_w_hp)*tier_coef^(4-1)*(1+alpha_bonus*$B$5),0) -> 1163 | E24: =ROUND(E15*(Rollar!$E$10*cp_w_power+Rollar!$F$10*cp_w_speed+Rollar!$G$10*cp_w_hp)*tier_coef^(4-1)*(1+alpha_bonus*$B$5),0) -> 584 | F24: =SUM(B24:E24) -> 5363
A25: 5 — Elita | B25: =ROUND(B16*(Rollar!$E$7*cp_w_power+Rollar!$F$7*cp_w_speed+Rollar!$G$7*cp_w_hp)*tier_coef^(5-1)*(1+alpha_bonus*$B$5),0) -> 0 | C25: =ROUND(C16*(Rollar!$E$8*cp_w_power+Rollar!$F$8*cp_w_speed+Rollar!$G$8*cp_w_hp)*tier_coef^(5-1)*(1+alpha_bonus*$B$5),0) -> 0 | D25: =ROUND(D16*(Rollar!$E$9*cp_w_power+Rollar!$F$9*cp_w_speed+Rollar!$G$9*cp_w_hp)*tier_coef^(5-1)*(1+alpha_bonus*$B$5),0) -> 0 | E25: =ROUND(E16*(Rollar!$E$10*cp_w_power+Rollar!$F$10*cp_w_speed+Rollar!$G$10*cp_w_hp)*tier_coef^(5-1)*(1+alpha_bonus*$B$5),0) -> 0 | F25: =SUM(B25:E25) -> 0
A26: 6 — Afsonaviy | B26: =ROUND(B17*(Rollar!$E$7*cp_w_power+Rollar!$F$7*cp_w_speed+Rollar!$G$7*cp_w_hp)*tier_coef^(6-1)*(1+alpha_bonus*$B$5),0) -> 0 | C26: =ROUND(C17*(Rollar!$E$8*cp_w_power+Rollar!$F$8*cp_w_speed+Rollar!$G$8*cp_w_hp)*tier_coef^(6-1)*(1+alpha_bonus*$B$5),0) -> 0 | D26: =ROUND(D17*(Rollar!$E$9*cp_w_power+Rollar!$F$9*cp_w_speed+Rollar!$G$9*cp_w_hp)*tier_coef^(6-1)*(1+alpha_bonus*$B$5),0) -> 0 | E26: =ROUND(E17*(Rollar!$E$10*cp_w_power+Rollar!$F$10*cp_w_speed+Rollar!$G$10*cp_w_hp)*tier_coef^(6-1)*(1+alpha_bonus*$B$5),0) -> 0 | F26: =SUM(B26:E26) -> 0
A27: JAMI CP | B27: =SUM(B21:B26) -> 4804 | C27: =SUM(C21:C26) -> 13677 | D27: =SUM(D21:D26) -> 6080 | E27: =SUM(E21:E26) -> 3425 | F27: =SUM(F21:F26) -> 27986
A28: BINO SIGʻIMI VA MASHQ VAQTI
A29: Rol | B29: Bino darajasi | C29: Askar sigʻimi | D29: Askar soni | E29: Toʻlganlik | F29: Vaqt koeffitsienti | G29: Holat
A30: 🔍 Razvedkachi | B30: =$B$5 -> 19 | C30: =ROUND(role_cap_base*role_cap_growth^(B30-1),0) -> 160 | D30: =B9 -> 31 | E30: =D30/C30 -> 0.19375 | F30: =MIN(role_cap_penalty_max,MAX(1,E30^role_cap_penalty_exp)) -> 1 | G30: =IF(D30<=C30,"Sigʻim yetarli","⚠️ Sigʻimdan oshdi — mashq sekinlashadi") -> Sigʻim yetarli
A31: ⚔️ Hujumchi | B31: =$B$5 -> 19 | C31: =ROUND(role_cap_base*role_cap_growth^(B31-1),0) -> 160 | D31: =C9 -> 69 | E31: =D31/C31 -> 0.43125 | F31: =MIN(role_cap_penalty_max,MAX(1,E31^role_cap_penalty_exp)) -> 1 | G31: =IF(D31<=C31,"Sigʻim yetarli","⚠️ Sigʻimdan oshdi — mashq sekinlashadi") -> Sigʻim yetarli
A32: 🛡 Himoyachi | B32: =$B$5 -> 19 | C32: =ROUND(role_cap_base*role_cap_growth^(B32-1),0) -> 160 | D32: =D9 -> 31 | E32: =D32/C32 -> 0.19375 | F32: =MIN(role_cap_penalty_max,MAX(1,E32^role_cap_penalty_exp)) -> 1 | G32: =IF(D32<=C32,"Sigʻim yetarli","⚠️ Sigʻimdan oshdi — mashq sekinlashadi") -> Sigʻim yetarli
A33: 🥩 Ovchi | B33: =$B$5 -> 19 | C33: =ROUND(role_cap_base*role_cap_growth^(B33-1),0) -> 160 | D33: =E9 -> 23 | E33: =D33/C33 -> 0.14375 | F33: =MIN(role_cap_penalty_max,MAX(1,E33^role_cap_penalty_exp)) -> 1 | G33: =IF(D33<=C33,"Sigʻim yetarli","⚠️ Sigʻimdan oshdi — mashq sekinlashadi") -> Sigʻim yetarli
A34: MASHQ VAQTI (daqiqa, bitta askar) — bino jazosi, qoʻshin toʻlganligi, mashq tezligi va In bonusi qoʻllangan
A35: Tier | B35: 🔍 Razvedkachi | C35: ⚔️ Hujumchi | D35: 🛡 Himoyachi | E35: 🥩 Ovchi
A36: 1 — Yosh | B36: =ROUND(Rollar!$H$13*MIN(train_coef_max,$F$30*MAX(occupancy_min,($F$18/$B$7/occupancy_normal)^occupancy_exp))/((1+train_speed_per_level*($B$30-1))*(1+den_speed_coef*($B$5-1))),1) -> 4.9 | C36: =ROUND(Rollar!$H$13*MIN(train_coef_max,$F$31*MAX(occupancy_min,($F$18/$B$7/occupancy_normal)^occupancy_exp))/((1+train_speed_per_level*($B$31-1))*(1+den_speed_coef*($B$5-1))),1) -> 4.9 | D36: =ROUND(Rollar!$H$13*MIN(train_coef_max,$F$32*MAX(occupancy_min,($F$18/$B$7/occupancy_normal)^occupancy_exp))/((1+train_speed_per_level*($B$32-1))*(1+den_speed_coef*($B$5-1))),1) -> 4.9 | E36: =ROUND(Rollar!$H$13*MIN(train_coef_max,$F$33*MAX(occupancy_min,($F$18/$B$7/occupancy_normal)^occupancy_exp))/((1+train_speed_per_level*($B$33-1))*(1+den_speed_coef*($B$5-1))),1) -> 4.9
A37: 2 — Tajribali | B37: =ROUND(Rollar!$H$14*MIN(train_coef_max,$F$30*MAX(occupancy_min,($F$18/$B$7/occupancy_normal)^occupancy_exp))/((1+train_speed_per_level*($B$30-1))*(1+den_speed_coef*($B$5-1))),1) -> 7.2 | C37: =ROUND(Rollar!$H$14*MIN(train_coef_max,$F$31*MAX(occupancy_min,($F$18/$B$7/occupancy_normal)^occupancy_exp))/((1+train_speed_per_level*($B$31-1))*(1+den_speed_coef*($B$5-1))),1) -> 7.2 | D37: =ROUND(Rollar!$H$14*MIN(train_coef_max,$F$32*MAX(occupancy_min,($F$18/$B$7/occupancy_normal)^occupancy_exp))/((1+train_speed_per_level*($B$32-1))*(1+den_speed_coef*($B$5-1))),1) -> 7.2 | E37: =ROUND(Rollar!$H$14*MIN(train_coef_max,$F$33*MAX(occupancy_min,($F$18/$B$7/occupancy_normal)^occupancy_exp))/((1+train_speed_per_level*($B$33-1))*(1+den_speed_coef*($B$5-1))),1) -> 7.2
A38: 3 — Urushchi | B38: =ROUND(Rollar!$H$15*MIN(train_coef_max,$F$30*MAX(occupancy_min,($F$18/$B$7/occupancy_normal)^occupancy_exp))/((1+train_speed_per_level*($B$30-1))*(1+den_speed_coef*($B$5-1))),1) -> 10.4 | C38: =ROUND(Rollar!$H$15*MIN(train_coef_max,$F$31*MAX(occupancy_min,($F$18/$B$7/occupancy_normal)^occupancy_exp))/((1+train_speed_per_level*($B$31-1))*(1+den_speed_coef*($B$5-1))),1) -> 10.4 | D38: =ROUND(Rollar!$H$15*MIN(train_coef_max,$F$32*MAX(occupancy_min,($F$18/$B$7/occupancy_normal)^occupancy_exp))/((1+train_speed_per_level*($B$32-1))*(1+den_speed_coef*($B$5-1))),1) -> 10.4 | E38: =ROUND(Rollar!$H$15*MIN(train_coef_max,$F$33*MAX(occupancy_min,($F$18/$B$7/occupancy_normal)^occupancy_exp))/((1+train_speed_per_level*($B$33-1))*(1+den_speed_coef*($B$5-1))),1) -> 10.4
A39: 4 — Veteran | B39: =ROUND(Rollar!$H$16*MIN(train_coef_max,$F$30*MAX(occupancy_min,($F$18/$B$7/occupancy_normal)^occupancy_exp))/((1+train_speed_per_level*($B$30-1))*(1+den_speed_coef*($B$5-1))),1) -> 15.1 | C39: =ROUND(Rollar!$H$16*MIN(train_coef_max,$F$31*MAX(occupancy_min,($F$18/$B$7/occupancy_normal)^occupancy_exp))/((1+train_speed_per_level*($B$31-1))*(1+den_speed_coef*($B$5-1))),1) -> 15.1 | D39: =ROUND(Rollar!$H$16*MIN(train_coef_max,$F$32*MAX(occupancy_min,($F$18/$B$7/occupancy_normal)^occupancy_exp))/((1+train_speed_per_level*($B$32-1))*(1+den_speed_coef*($B$5-1))),1) -> 15.1 | E39: =ROUND(Rollar!$H$16*MIN(train_coef_max,$F$33*MAX(occupancy_min,($F$18/$B$7/occupancy_normal)^occupancy_exp))/((1+train_speed_per_level*($B$33-1))*(1+den_speed_coef*($B$5-1))),1) -> 15.1
A40: 5 — Elita | B40: =ROUND(Rollar!$H$17*MIN(train_coef_max,$F$30*MAX(occupancy_min,($F$18/$B$7/occupancy_normal)^occupancy_exp))/((1+train_speed_per_level*($B$30-1))*(1+den_speed_coef*($B$5-1))),1) -> 22 | C40: =ROUND(Rollar!$H$17*MIN(train_coef_max,$F$31*MAX(occupancy_min,($F$18/$B$7/occupancy_normal)^occupancy_exp))/((1+train_speed_per_level*($B$31-1))*(1+den_speed_coef*($B$5-1))),1) -> 22 | D40: =ROUND(Rollar!$H$17*MIN(train_coef_max,$F$32*MAX(occupancy_min,($F$18/$B$7/occupancy_normal)^occupancy_exp))/((1+train_speed_per_level*($B$32-1))*(1+den_speed_coef*($B$5-1))),1) -> 22 | E40: =ROUND(Rollar!$H$17*MIN(train_coef_max,$F$33*MAX(occupancy_min,($F$18/$B$7/occupancy_normal)^occupancy_exp))/((1+train_speed_per_level*($B$33-1))*(1+den_speed_coef*($B$5-1))),1) -> 22
A41: 6 — Afsonaviy | B41: =ROUND(Rollar!$H$18*MIN(train_coef_max,$F$30*MAX(occupancy_min,($F$18/$B$7/occupancy_normal)^occupancy_exp))/((1+train_speed_per_level*($B$30-1))*(1+den_speed_coef*($B$5-1))),1) -> 31.8 | C41: =ROUND(Rollar!$H$18*MIN(train_coef_max,$F$31*MAX(occupancy_min,($F$18/$B$7/occupancy_normal)^occupancy_exp))/((1+train_speed_per_level*($B$31-1))*(1+den_speed_coef*($B$5-1))),1) -> 31.8 | D41: =ROUND(Rollar!$H$18*MIN(train_coef_max,$F$32*MAX(occupancy_min,($F$18/$B$7/occupancy_normal)^occupancy_exp))/((1+train_speed_per_level*($B$32-1))*(1+den_speed_coef*($B$5-1))),1) -> 31.8 | E41: =ROUND(Rollar!$H$18*MIN(train_coef_max,$F$33*MAX(occupancy_min,($F$18/$B$7/occupancy_normal)^occupancy_exp))/((1+train_speed_per_level*($B$33-1))*(1+den_speed_coef*($B$5-1))),1) -> 31.8
A42: Mashq vaqti = tier vaqti × MIN(5, bino jazosi × toʻlganlik koeff.) ÷ (bino mashq tezligi × In bonusi). Bino jazosi = MAX(1, (askar ÷ bino sigʻimi)^2); toʻlganlik — qoʻshin sigʻimiga nisbatan.
A43: Yaʼni binoni koʻtarmasdan koʻp askar yigʻsangiz, har bir yangi askar tobora sekinroq tayyorlanadi — bu «faqat son» strategiyasini toʻxtatadi.
A44: Bino sigʻimi = 6 × 1.20^(bino darajasi − 1). 25-darajali binoda 477 askar sigʻadi.
A45: «Bino darajasi» ustuni koʻk — uni pasaytirib, binoni kuchaytirmaslik qanchalik qimmatga tushishini koʻrishingiz mumkin.
A46: Taqsimot qoidasi: tier k dagi boʻrilar soni = rol slotlari × (T − k + 1) ÷ (T × (T+1) ÷ 2), bu yerda T — maksimal tier.
A47: Yaʼni piramida: pastki tierda koʻp, yuqorida kam. T=6 boʻlsa ulushlar 29% · 24% · 19% · 14% · 10% · 5%.
A48: 1-tier qoldiqni oladi — shuning uchun jami har doim toʻda hajmiga aniq teng boʻladi.
A49: Oʻyinda bu ekran shunday koʻrinadi: har rol kartasi ichida 6 qator — «Veteran ×3, Urushchi ×4, Tajribali ×5…».
A50: Almashtirish: 1.6 ta past tier askar → 1 ta yuqori tier (Askar iqtisodi varagʻi). Shuning uchun piramidani oʻyinchi asta-sekin yuqoriga suradi.

Sheet Vaqt va narx
